Indikation,Wirkgruppe,Wirkstoff,FORTA-Klassifikation
Arterielle Hypertonie,ACE-Hemmer,Benazepril,A
Arterielle Hypertonie,ACE-Hemmer,Captopril,A
Arterielle Hypertonie,ACE-Hemmer,Cilazapril,A
Arterielle Hypertonie,ACE-Hemmer,Delapril,A
Arterielle Hypertonie,ACE-Hemmer,Enalapril,A
Arterielle Hypertonie,ACE-Hemmer,Fosinopril,A
Arterielle Hypertonie,ACE-Hemmer,Imidapril,A
Arterielle Hypertonie,ACE-Hemmer,Lisinopril,A
Arterielle Hypertonie,ACE-Hemmer,Moexipril,A
Arterielle Hypertonie,ACE-Hemmer,Perindopril,A
Arterielle Hypertonie,ACE-Hemmer,Quinapril,A
Arterielle Hypertonie,ACE-Hemmer,Ramipril,A
Arterielle Hypertonie,ACE-Hemmer,Trandolapril,A
Arterielle Hypertonie,ACE-Hemmer,Spirapril,A
Arterielle Hypertonie,ACE-Hemmer,Zofenopril,A
Arterielle Hypertonie,Angiotensin-Rezeptor-Antagonisten,Azilsartan,A
Arterielle Hypertonie,Angiotensin-Rezeptor-Antagonisten,Candesartan,A
Arterielle Hypertonie,Angiotensin-Rezeptor-Antagonisten,Eprosartan,A
Arterielle Hypertonie,Angiotensin-Rezeptor-Antagonisten,Irbesartan,A
Arterielle Hypertonie,Angiotensin-Rezeptor-Antagonisten,Losartan,A
Arterielle Hypertonie,Angiotensin-Rezeptor-Antagonisten,Olmesartan,A
Arterielle Hypertonie,Angiotensin-Rezeptor-Antagonisten,Telmisartan,A
Arterielle Hypertonie,Angiotensin-Rezeptor-Antagonisten,Valsartan,A
Arterielle Hypertonie,"Calciumantagonisten vom Nifedipintyp, langwirksam",Amlodipin,A
Arterielle Hypertonie,"Calciumantagonisten vom Nifedipintyp, langwirksam",Felodipin,A
Arterielle Hypertonie,"Calciumantagonisten vom Nifedipintyp, langwirksam",Manidipin,A
Arterielle Hypertonie,"Calciumantagonisten vom Nifedipintyp, langwirksam",Nilvadipin,A
Arterielle Hypertonie,"Calciumantagonisten vom Nifedipintyp, langwirksam",Nisoldipin,A
Arterielle Hypertonie,"Calciumantagonisten vom Nifedipintyp, langwirksam",Nitrendipin,A
Arterielle Hypertonie,Betablocker,Acebutolol,C
Arterielle Hypertonie,Betablocker,Betaxolol,C
Arterielle Hypertonie,Betablocker,Bisoprolol,C
Arterielle Hypertonie,Betablocker,Celiprolol,C
Arterielle Hypertonie,Betablocker,Metoprolol,C
Arterielle Hypertonie,Betablocker,Metoprololsuccinat,C
Arterielle Hypertonie,Betablocker,Nebivolol,C
Arterielle Hypertonie,Betablocker,Bupranolol,C
Arterielle Hypertonie,Betablocker,Carvedilol,C
Arterielle Hypertonie,Betablocker,Nadolol,C
Arterielle Hypertonie,Betablocker,Oxprenolol,C
Arterielle Hypertonie,Betablocker,Pindolol,C
Arterielle Hypertonie,Betablocker,Propranolol,C
Arterielle Hypertonie,Betablocker,Labetalol,C
Arterielle Hypertonie,Betablocker,Atenolol,D
Arterielle Hypertonie,Diuretika,Amilorid,B
Arterielle Hypertonie,Diuretika,Triamteren,B
Arterielle Hypertonie,Diuretika,Furosemid,B
Arterielle Hypertonie,Diuretika,Piretanid,B
Arterielle Hypertonie,Diuretika,Torasemid,B
Arterielle Hypertonie,Diuretika,Bemetizid,B
Arterielle Hypertonie,Diuretika,Bendroflumethiazid,B
Arterielle Hypertonie,Diuretika,Clopamid,B
Arterielle Hypertonie,Diuretika,Chlortalidon,B
Arterielle Hypertonie,Diuretika,Hydrochlorothiazid,B
Arterielle Hypertonie,Diuretika,Mefrusid,B
Arterielle Hypertonie,Diuretika,Xipamid,B
Arterielle Hypertonie,Diuretika,Canrenon,B
Arterielle Hypertonie,Diuretika,Eplerenon,B
Arterielle Hypertonie,Diuretika,Indapamid,A
Arterielle Hypertonie,Alphablocker,Doxazosin,C
Arterielle Hypertonie,Alphablocker,Terazosin,C
Arterielle Hypertonie,Diuretika,Spironolacton,C
Arterielle Hypertonie,Imidazolin-Rezeptor-Agonist,Moxonidin,C
Arterielle Hypertonie,selektiver α1-Antagonist,Urapidil,C
Arterielle Hypertonie,Renin-Inhibitor,Aliskiren,C
Arterielle Hypertonie,Imidazolin-Rezeptor-Agonist,Clonidin,D
Arterielle Hypertonie,Direkte Vasodilatatoren,Minoxidil,D
Arterielle Hypertonie,Calciumantagonisten vom Verapamiltyp,Gallopamil,D
Arterielle Hypertonie,Calciumantagonisten vom Verapamiltyp,Verapamil,D
Herzinsuffizienz (HFrEF),ACE-Hemmer,Benazepril,A
Herzinsuffizienz (HFrEF),ACE-Hemmer,Captopril,A
Herzinsuffizienz (HFrEF),ACE-Hemmer,Cilazapril,A
Herzinsuffizienz (HFrEF),ACE-Hemmer,Delapril,A
Herzinsuffizienz (HFrEF),ACE-Hemmer,Enalapril,A
Herzinsuffizienz (HFrEF),ACE-Hemmer,Fosinopril,A
Herzinsuffizienz (HFrEF),ACE-Hemmer,Imidapril,A
Herzinsuffizienz (HFrEF),ACE-Hemmer,Lisinopril,A
Herzinsuffizienz (HFrEF),ACE-Hemmer,Moexipril,A
Herzinsuffizienz (HFrEF),ACE-Hemmer,Perindopril,A
Herzinsuffizienz (HFrEF),ACE-Hemmer,Quinapril,A
Herzinsuffizienz (HFrEF),ACE-Hemmer,Ramipril,A
Herzinsuffizienz (HFrEF),ACE-Hemmer,Trandolapril,A
Herzinsuffizienz (HFrEF),ACE-Hemmer,Spirapril,A
Herzinsuffizienz (HFrEF),ACE-Hemmer,Zofenopril,A
Herzinsuffizienz (HFrEF),Angiotensin-Rezeptor-Antagonisten,Azilsartan,A
Herzinsuffizienz (HFrEF),Angiotensin-Rezeptor-Antagonisten,Candesartan,A
Herzinsuffizienz (HFrEF),Angiotensin-Rezeptor-Antagonisten,Eprosartan,A
Herzinsuffizienz (HFrEF),Angiotensin-Rezeptor-Antagonisten,Irbesartan,A
Herzinsuffizienz (HFrEF),Angiotensin-Rezeptor-Antagonisten,Losartan,A
Herzinsuffizienz (HFrEF),Angiotensin-Rezeptor-Antagonisten,Olmesartan,A
Herzinsuffizienz (HFrEF),Angiotensin-Rezeptor-Antagonisten,Telmisartan,A
Herzinsuffizienz (HFrEF),Angiotensin-Rezeptor-Antagonisten,Valsartan,A
Herzinsuffizienz (HFrEF),Angiotensin Receptor-Neprilysin Inhibitor,Sacubitril/Valsartan,A
Herzinsuffizienz (HFpEF),Angiotensin Receptor-Neprilysin Inhibitor,Sacubitril/Valsartan,A
Herzinsuffizienz (HFrEF),Betablocker,Bisoprolol,A
Herzinsuffizienz (HFrEF),Betablocker,Carvedilol,A
Herzinsuffizienz (HFrEF),Betablocker,Metoprolol,A
Herzinsuffizienz (HFrEF),Betablocker,Metoprololsuccinat,
Herzinsuffizienz (HFrEF),Diuretika,Amilorid,B
Herzinsuffizienz (HFrEF),Diuretika,Triamteren,B
Herzinsuffizienz (HFrEF),Diuretika,Furosemid,B
Herzinsuffizienz (HFrEF),Diuretika,Piretanid,B
Herzinsuffizienz (HFrEF),Diuretika,Torasemid,B
Herzinsuffizienz (HFrEF),Diuretika,Bemetizid,B
Herzinsuffizienz (HFrEF),Diuretika,Bendroflumethiazid,B
Herzinsuffizienz (HFrEF),Diuretika,Clopamid,B
Herzinsuffizienz (HFrEF),Diuretika,Chlortalidon,B
Herzinsuffizienz (HFrEF),Diuretika,Hydrochlorothiazid,B
Herzinsuffizienz (HFrEF),Diuretika,Indapamid,B
Herzinsuffizienz (HFrEF),Diuretika,Mefrusid,B
Herzinsuffizienz (HFrEF),Diuretika,Xipamid,B
Herzinsuffizienz (HFrEF),Diuretika,Canrenon,B
Herzinsuffizienz (HFrEF),Diuretika,Eplerenon,B
Herzinsuffizienz (HFpEF),Diuretika,Amilorid,B
Herzinsuffizienz (HFpEF),Diuretika,Triamteren,B
Herzinsuffizienz (HFpEF),Diuretika,Furosemid,B
Herzinsuffizienz (HFpEF),Diuretika,Piretanid,B
Herzinsuffizienz (HFpEF),Diuretika,Torasemid,B
Herzinsuffizienz (HFpEF),Diuretika,Bemetizid,B
Herzinsuffizienz (HFpEF),Diuretika,Bendroflumethiazid,B
Herzinsuffizienz (HFpEF),Diuretika,Clopamid,B
Herzinsuffizienz (HFpEF),Diuretika,Chlortalidon,B
Herzinsuffizienz (HFpEF),Diuretika,Hydrochlorothiazid,B
Herzinsuffizienz (HFpEF),Diuretika,Indapamid,B
Herzinsuffizienz (HFpEF),Diuretika,Mefrusid,B
Herzinsuffizienz (HFpEF),Diuretika,Xipamid,B
Herzinsuffizienz (HFpEF),Diuretika,Canrenon,B
Herzinsuffizienz (HFpEF),Diuretika,Eplerenon,B
Herzinsuffizienz (HFrEF),Gliflozine (SGLT-2-Hemmer),Canagliflozin,B
Herzinsuffizienz (HFrEF),Gliflozine (SGLT-2-Hemmer),Dapagliflozin,B
Herzinsuffizienz (HFrEF),Gliflozine (SGLT-2-Hemmer),Empagliflozin,B
Herzinsuffizienz (HFrEF),Gliflozine (SGLT-2-Hemmer),Ertugliflozin,B
Herzinsuffizienz (HFpEF),Gliflozine (SGLT-2-Hemmer),Canagliflozin,B
Herzinsuffizienz (HFpEF),Gliflozine (SGLT-2-Hemmer),Dapagliflozin,B
Herzinsuffizienz (HFpEF),Gliflozine (SGLT-2-Hemmer),Empagliflozin,B
Herzinsuffizienz (HFpEF),Gliflozine (SGLT-2-Hemmer),Ertugliflozin,B
Herzinsuffizienz (HFrEF),Mineralokortikoidantagonisten (Spironolacton/Eplerenon),Eplerenon,C
Herzinsuffizienz (HFrEF),Mineralokortikoidantagonisten (Spironolacton/Eplerenon),Spironolacton,C
Herzinsuffizienz (HFrEF),Mineralokortikoidantagonisten (Spironolacton/Eplerenon),Canrenon,C
Herzinsuffizienz (HFrEF),Digitalispräparate,Digoxin,C
Herzinsuffizienz (HFrEF),Digitalispräparate,Digitoxin,C
Herzinsuffizienz (HFrEF),Digitalispräparate,Acetyldigitoxin,C
Herzinsuffizienz (HFrEF),Digitalispräparate,Acetyldigoxin,C
Herzinsuffizienz (HFrEF),Digitalispräparate,Lanatosid C,C
Herzinsuffizienz (HFrEF),Digitalispräparate,Deslanosid,C
Herzinsuffizienz (HFrEF),Digitalispräparate,Proscillaridin,C
Herzinsuffizienz (HFrEF),Digitalispräparate,Meproscillarin,C
Herzinsuffizienz (HFrEF),Digitalispräparate,g-Strophantin,C
Herzinsuffizienz (HFrEF),Digitalispräparate,Cymarin,C
Herzinsuffizienz (HFrEF),Digitalispräparate,k-Strophantin,C
Herzinsuffizienz (HFrEF),If-Kanalblocker,Ivabradin,C
Herzinsuffizienz (HFrEF),Eisensubstitution,Eisen,A
Herzinsuffizienz (HFrEF),Eisensubstitution,Eisencarboxymaltose,A
Herzinsuffizienz (HFrEF),Eisensubstitution,Eisen(III)-derisomaltose,A
Herzinsuffizienz (HFrEF),Eisensubstitution,Eisen(III)-hydroxid-Sucrose-Komplex,A
Herzinsuffizienz (HFrEF),Eisensubstitution,Eisen(III)-hydroxid-Dextran-Komplex,A
Herzinsuffizienz (HFrEF),Eisensubstitution,Eisen(III)-sorbitex,A
Herzinsuffizienz (HFrEF),Eisensubstitution,Eisen(III)-oxidhydroxid-Saccharose-Stärke-Komplex,A
Herzinsuffizienz (HFrEF),Eisensubstitution,Eisen(III)-oxid-Sucrose-Wasser-Komplex,A
Herzinsuffizienz (HFrEF),Eisensubstitution,Eisen(II)-sulfat,A
Herzinsuffizienz (HFrEF),Eisensubstitution,Eisen(II)-fumarat,A
Herzinsuffizienz (HFrEF),Eisensubstitution,Eisen(II)-bisglycinat,A
Herzinsuffizienz (HFrEF),Eisensubstitution,Eisen(II)-gluconat,A
Herzinsuffizienz (HFrEF),Eisensubstitution,Eisen(II)-citrat,A
Herzinsuffizienz (HFrEF),Eisensubstitution,Eisen(II)-succinat,A
Herzinsuffizienz (HFrEF),Eisensubstitution,Eisen(III)-maltol,A
Herzinsuffizienz (HFrEF),Eisensubstitution,Eisen(II)-(RS)-lactat-3-Wasser,A
Herzinsuffizienz (HFrEF),Eisensubstitution,Eisen(II)-glycin-sulfat-Komplex,A
Herzinsuffizienz (HFrEF),Eisensubstitution,Eisen(II)-DL-hydrogenaspartat-4-Wasser,A
Herzinsuffizienz (HFrEF),Eisensubstitution,Eisen(III)-Natrium-citrat-Komplex,A
Herzinsuffizienz (HFrEF),Eisensubstitution,Eisen(III)-Natrium-D-gluconat-Komplex,A
Herzinsuffizienz (HFrEF),Eisensubstitution,Eisen(III)-DL-hydrogenaspartat,A
Herzinsuffizienz (HFrEF),Eisensubstitution,Eisen(III)-Kalium-citrat-phosphat-Komplex,A
Herzinsuffizienz (HFpEF),Eisensubstitution,Eisen,A
Herzinsuffizienz (HFpEF),Eisensubstitution,Eisencarboxymaltose,A
Herzinsuffizienz (HFpEF),Eisensubstitution,Eisen(III)-derisomaltose,A
Herzinsuffizienz (HFpEF),Eisensubstitution,Eisen(III)-hydroxid-Sucrose-Komplex,A
Herzinsuffizienz (HFpEF),Eisensubstitution,Eisen(III)-hydroxid-Dextran-Komplex,A
Herzinsuffizienz (HFpEF),Eisensubstitution,Eisen(III)-sorbitex,A
Herzinsuffizienz (HFpEF),Eisensubstitution,Eisen(III)-oxidhydroxid-Saccharose-Stärke-Komplex,A
Herzinsuffizienz (HFpEF),Eisensubstitution,Eisen(III)-oxid-Sucrose-Wasser-Komplex,A
Herzinsuffizienz (HFpEF),Eisensubstitution,Eisen(II)-sulfat,A
Herzinsuffizienz (HFpEF),Eisensubstitution,Eisen(II)-fumarat,A
Herzinsuffizienz (HFpEF),Eisensubstitution,Eisen(II)-bisglycinat,A
Herzinsuffizienz (HFpEF),Eisensubstitution,Eisen(II)-gluconat,A
Herzinsuffizienz (HFpEF),Eisensubstitution,Eisen(II)-citrat,A
Herzinsuffizienz (HFpEF),Eisensubstitution,Eisen(II)-succinat,A
Herzinsuffizienz (HFpEF),Eisensubstitution,Eisen(III)-maltol,A
Herzinsuffizienz (HFpEF),Eisensubstitution,Eisen(II)-(RS)-lactat-3-Wasser,A
Herzinsuffizienz (HFpEF),Eisensubstitution,Eisen(II)-glycin-sulfat-Komplex,A
Herzinsuffizienz (HFpEF),Eisensubstitution,Eisen(II)-DL-hydrogenaspartat-4-Wasser,A
Herzinsuffizienz (HFpEF),Eisensubstitution,Eisen(III)-Natrium-citrat-Komplex,A
Herzinsuffizienz (HFpEF),Eisensubstitution,Eisen(III)-Natrium-D-gluconat-Komplex,A
Herzinsuffizienz (HFpEF),Eisensubstitution,Eisen(III)-DL-hydrogenaspartat,A
Herzinsuffizienz (HFpEF),Eisensubstitution,Eisen(III)-Kalium-citrat-phosphat-Komplex,A
Akutes Koronarsyndrom,ACE-Hemmer,Benazepril,A
Akutes Koronarsyndrom,ACE-Hemmer,Captopril,A
Akutes Koronarsyndrom,ACE-Hemmer,Cilazapril,A
Akutes Koronarsyndrom,ACE-Hemmer,Delapril,A
Akutes Koronarsyndrom,ACE-Hemmer,Enalapril,A
Akutes Koronarsyndrom,ACE-Hemmer,Fosinopril,A
Akutes Koronarsyndrom,ACE-Hemmer,Imidapril,A
Akutes Koronarsyndrom,ACE-Hemmer,Lisinopril,A
Akutes Koronarsyndrom,ACE-Hemmer,Moexipril,A
Akutes Koronarsyndrom,ACE-Hemmer,Perindopril,A
Akutes Koronarsyndrom,ACE-Hemmer,Quinapril,A
Akutes Koronarsyndrom,ACE-Hemmer,Ramipril,A
Akutes Koronarsyndrom,ACE-Hemmer,Trandolapril,A
Akutes Koronarsyndrom,ACE-Hemmer,Spirapril,A
Akutes Koronarsyndrom,ACE-Hemmer,Zofenopril,A
Akutes Koronarsyndrom,Thrombozytenaggregationshemmer,Acetylsalicylsäure,A
Akutes Koronarsyndrom,Unfraktioniertes Heparin oder niedermolek. Heparine,Certoparin,A
Akutes Koronarsyndrom,Unfraktioniertes Heparin oder niedermolek. Heparine,Dalteparin,A
Akutes Koronarsyndrom,Unfraktioniertes Heparin oder niedermolek. Heparine,Enoxaparin,A
Akutes Koronarsyndrom,Unfraktioniertes Heparin oder niedermolek. Heparine,Nadroparin,A
Akutes Koronarsyndrom,Unfraktioniertes Heparin oder niedermolek. Heparine,Reviparin,A
Akutes Koronarsyndrom,Unfraktioniertes Heparin oder niedermolek. Heparine,Tinzaparin,A
Akutes Koronarsyndrom,Unfraktioniertes Heparin oder niedermolek. Heparine,Danaparoid,A
Akutes Koronarsyndrom,Unfraktioniertes Heparin oder niedermolek. Heparine,Argatroban,A
Akutes Koronarsyndrom,Betablocker,Acebutolol,A
Akutes Koronarsyndrom,Betablocker,Atenolol,A
Akutes Koronarsyndrom,Betablocker,Betaxolol,A
Akutes Koronarsyndrom,Betablocker,Bisoprolol,A
Akutes Koronarsyndrom,Betablocker,Celiprolol,A
Akutes Koronarsyndrom,Betablocker,Esmolol,A
Akutes Koronarsyndrom,Betablocker,Metoprolol,A
Akutes Koronarsyndrom,Betablocker,Metoprololsuccinat,A
Akutes Koronarsyndrom,Betablocker,Nebivolol,A
Akutes Koronarsyndrom,Betablocker,Bupranolol,A
Akutes Koronarsyndrom,Betablocker,Carvedilol,A
Akutes Koronarsyndrom,Betablocker,Nadolol,A
Akutes Koronarsyndrom,Betablocker,Oxprenolol,A
Akutes Koronarsyndrom,Betablocker,Pindolol,A
Akutes Koronarsyndrom,Betablocker,Propranolol,A
Akutes Koronarsyndrom,Betablocker,Sotalol,A
Akutes Koronarsyndrom,Betablocker,Labetalol,A
Akutes Koronarsyndrom,Statin,Atorvastatin,A
Akutes Koronarsyndrom,"Nitrate, kurzwirksam",GlyceroltriNitrate,A
Akutes Koronarsyndrom,"Nitrate, kurzwirksam",Nitroglycerin,A
Akutes Koronarsyndrom,Thrombozytenaggregationshemmer,Clopidogrel,A
Akutes Koronarsyndrom,Thrombozytenaggregationshemmer,Clopidogrel besilat,A
Akutes Koronarsyndrom,Thrombozytenaggregationshemmer,Clopidogrel hydrochlorid,A
Akutes Koronarsyndrom,Thrombozytenaggregationshemmer,Clopidogrel sulfat,A
Akutes Koronarsyndrom,Thrombozytenaggregationshemmer,Prasugrel,A
Akutes Koronarsyndrom,Thrombozytenaggregationshemmer,Prasugrel besilat,A
Akutes Koronarsyndrom,Thrombozytenaggregationshemmer,Prasugrel hydrobromid,A
Akutes Koronarsyndrom,Thrombozytenaggregationshemmer,Prasugrel hydrochlorid,A
Akutes Koronarsyndrom,Thrombolytika,Streptokinase,B
Akutes Koronarsyndrom,Thrombolytika,Urokinase,B
Akutes Koronarsyndrom,Thrombolytika,Alteplase,B
Akutes Koronarsyndrom,Thrombolytika,Reteplase,B
Akutes Koronarsyndrom,Thrombolytika,Tenecteplase,B
Akutes Koronarsyndrom,"Nitrate, langwirksam",IsosorbidmonoNitrate (ISMN),C
Akutes Koronarsyndrom,"Nitrate, langwirksam",IsosorbiddiNitrate (ISDN),C
Akutes Koronarsyndrom,"Nitrate, langwirksam",GlyceroltriNitrate (GTN),C
Akutes Koronarsyndrom,"Nitrate, langwirksam",PentaerythrityltetraNitrate (PETN),C
Akutes Koronarsyndrom,Thrombozytenaggregationshemmer,Tirofiban,C
Akutes Koronarsyndrom,If-Kanalblocker,Ivabradin,C
Akutes Koronarsyndrom,If-Kanalblocker,Ivabradin hydrochlorid,C
Akutes Koronarsyndrom,If-Kanalblocker,Ivabradin oxalat,C
Akutes Koronarsyndrom,Direkte Vasodilatatoren,Molsidomin,D
Chronische Therapie nach Herzinfarkt,ACE-Hemmer,Benazepril,A
Chronische Therapie nach Herzinfarkt,ACE-Hemmer,Captopril,A
Chronische Therapie nach Herzinfarkt,ACE-Hemmer,Cilazapril,A
Chronische Therapie nach Herzinfarkt,ACE-Hemmer,Delapril,A
Chronische Therapie nach Herzinfarkt,ACE-Hemmer,Enalapril,A
Chronische Therapie nach Herzinfarkt,ACE-Hemmer,Fosinopril,A
Chronische Therapie nach Herzinfarkt,ACE-Hemmer,Imidapril,A
Chronische Therapie nach Herzinfarkt,ACE-Hemmer,Lisinopril,A
Chronische Therapie nach Herzinfarkt,ACE-Hemmer,Moexipril,A
Chronische Therapie nach Herzinfarkt,ACE-Hemmer,Perindopril,A
Chronische Therapie nach Herzinfarkt,ACE-Hemmer,Quinapril,A
Chronische Therapie nach Herzinfarkt,ACE-Hemmer,Ramipril,A
Chronische Therapie nach Herzinfarkt,ACE-Hemmer,Trandolapril,A
Chronische Therapie nach Herzinfarkt,ACE-Hemmer,Spirapril,A
Chronische Therapie nach Herzinfarkt,ACE-Hemmer,Zofenopril,A
Chronische Therapie nach Herzinfarkt,Angiotensin-Rezeptor-Antagonisten,Azilsartan,A
Chronische Therapie nach Herzinfarkt,Angiotensin-Rezeptor-Antagonisten,Candesartan,A
Chronische Therapie nach Herzinfarkt,Angiotensin-Rezeptor-Antagonisten,Eprosartan,A
Chronische Therapie nach Herzinfarkt,Angiotensin-Rezeptor-Antagonisten,Irbesartan,A
Chronische Therapie nach Herzinfarkt,Angiotensin-Rezeptor-Antagonisten,Losartan,A
Chronische Therapie nach Herzinfarkt,Angiotensin-Rezeptor-Antagonisten,Olmesartan,A
Chronische Therapie nach Herzinfarkt,Angiotensin-Rezeptor-Antagonisten,Telmisartan,A
Chronische Therapie nach Herzinfarkt,Angiotensin-Rezeptor-Antagonisten,Valsartan,A
Chronische Therapie nach Herzinfarkt,Thrombozytenaggregationshemmer,Acetylsalicylsäure,A
Chronische Therapie nach Herzinfarkt,Thrombozytenaggregationshemmer,Clopidogrel,A
Chronische Therapie nach Herzinfarkt,Thrombozytenaggregationshemmer,Clopidogrel besilat,A
Chronische Therapie nach Herzinfarkt,Thrombozytenaggregationshemmer,Clopidogrel hydrochlorid,A
Chronische Therapie nach Herzinfarkt,Thrombozytenaggregationshemmer,Clopidogrel sulfat,A
Chronische Therapie nach Herzinfarkt (Behandlung < 3 Jahre),Betablocker,Acebutolol,B
Chronische Therapie nach Herzinfarkt (Behandlung < 3 Jahre),Betablocker,Atenolol,B
Chronische Therapie nach Herzinfarkt (Behandlung < 3 Jahre),Betablocker,Betaxolol,B
Chronische Therapie nach Herzinfarkt (Behandlung < 3 Jahre),Betablocker,Bisoprolol,B
Chronische Therapie nach Herzinfarkt (Behandlung < 3 Jahre),Betablocker,Celiprolol,B
Chronische Therapie nach Herzinfarkt (Behandlung < 3 Jahre),Betablocker,Metoprolol,B
Chronische Therapie nach Herzinfarkt (Behandlung < 3 Jahre),Betablocker,Metoprololsuccinat,B
Chronische Therapie nach Herzinfarkt (Behandlung < 3 Jahre),Betablocker,Nebivolol,B
Chronische Therapie nach Herzinfarkt (Behandlung < 3 Jahre),Betablocker,Bupranolol,B
Chronische Therapie nach Herzinfarkt (Behandlung < 3 Jahre),Betablocker,Carteolol,B
Chronische Therapie nach Herzinfarkt (Behandlung < 3 Jahre),Betablocker,Carvedilol,B
Chronische Therapie nach Herzinfarkt (Behandlung < 3 Jahre),Betablocker,Nadolol,B
Chronische Therapie nach Herzinfarkt (Behandlung < 3 Jahre),Betablocker,Oxprenolol,B
Chronische Therapie nach Herzinfarkt (Behandlung < 3 Jahre),Betablocker,Pindolol,B
Chronische Therapie nach Herzinfarkt (Behandlung < 3 Jahre),Betablocker,Propranolol,B
Chronische Therapie nach Herzinfarkt (Behandlung < 3 Jahre),Betablocker,Labetalol,B
Chronische Therapie nach Herzinfarkt (Behandlung > 3 Jahre),Betablocker,Acebutolol,C
Chronische Therapie nach Herzinfarkt (Behandlung > 3 Jahre),Betablocker,Atenolol,C
Chronische Therapie nach Herzinfarkt (Behandlung > 3 Jahre),Betablocker,Betaxolol,C
Chronische Therapie nach Herzinfarkt (Behandlung > 3 Jahre),Betablocker,Bisoprolol,C
Chronische Therapie nach Herzinfarkt (Behandlung > 3 Jahre),Betablocker,Celiprolol,C
Chronische Therapie nach Herzinfarkt (Behandlung > 3 Jahre),Betablocker,Metoprolol,C
Chronische Therapie nach Herzinfarkt (Behandlung > 3 Jahre),Betablocker,Metoprololsuccinat,C
Chronische Therapie nach Herzinfarkt (Behandlung > 3 Jahre),Betablocker,Nebivolol,C
Chronische Therapie nach Herzinfarkt (Behandlung > 3 Jahre),Betablocker,Bupranolol,C
Chronische Therapie nach Herzinfarkt (Behandlung > 3 Jahre),Betablocker,Carteolol,C
Chronische Therapie nach Herzinfarkt (Behandlung > 3 Jahre),Betablocker,Carvedilol,C
Chronische Therapie nach Herzinfarkt (Behandlung > 3 Jahre),Betablocker,Nadolol,C
Chronische Therapie nach Herzinfarkt (Behandlung > 3 Jahre),Betablocker,Oxprenolol,C
Chronische Therapie nach Herzinfarkt (Behandlung > 3 Jahre),Betablocker,Pindolol,C
Chronische Therapie nach Herzinfarkt (Behandlung > 3 Jahre),Betablocker,Propranolol,C
Chronische Therapie nach Herzinfarkt (Behandlung > 3 Jahre),Betablocker,Labetalol,C
Chronische Therapie nach Herzinfarkt,"Nitrate, kurzwirksam",GlyceroltriNitrate,A
Chronische Therapie nach Herzinfarkt,"Nitrate, kurzwirksam",Nitroglycerin,A
Chronische Therapie nach Herzinfarkt (Patient < 85 Jahre alt),Statine,Simvastatin,A
Chronische Therapie nach Herzinfarkt (Patient < 85 Jahre alt),Statine,Lovastatin,A
Chronische Therapie nach Herzinfarkt (Patient < 85 Jahre alt),Statine,Pravastatin,A
Chronische Therapie nach Herzinfarkt (Patient < 85 Jahre alt),Statine,Fluvastatin,A
Chronische Therapie nach Herzinfarkt (Patient < 85 Jahre alt),Statine,Atorvastatin,A
Chronische Therapie nach Herzinfarkt (Patient < 85 Jahre alt),Statine,Rosuvastatin,A
Chronische Therapie nach Herzinfarkt (Patient < 85 Jahre alt),Statine,Pitavastatin,A
Chronische Therapie nach Herzinfarkt (Patient > 85 Jahre alt),Statine,Simvastatin,B
Chronische Therapie nach Herzinfarkt (Patient > 85 Jahre alt),Statine,Lovastatin,B
Chronische Therapie nach Herzinfarkt (Patient > 85 Jahre alt),Statine,Pravastatin,B
Chronische Therapie nach Herzinfarkt (Patient > 85 Jahre alt),Statine,Fluvastatin,B
Chronische Therapie nach Herzinfarkt (Patient > 85 Jahre alt),Statine,Atorvastatin,B
Chronische Therapie nach Herzinfarkt (Patient > 85 Jahre alt),Statine,Rosuvastatin,B
Chronische Therapie nach Herzinfarkt (Patient > 85 Jahre alt),Statine,Pitavastatin,B
Chronische Therapie nach Herzinfarkt,Lipidsenker,Ezetimib,B
Chronische Therapie nach Herzinfarkt,Lipidsenker,Bempedoinsäure,C
Chronische Therapie nach Herzinfarkt,PCSK9-aktive Substanzen,Alirocumab,C
Chronische Therapie nach Herzinfarkt,PCSK9-aktive Substanzen,Evolocumab,C
Chronische Therapie nach Herzinfarkt,PCSK9-aktive Substanzen,Inclisiran,C
Chronische Therapie nach Herzinfarkt,"Nitrate, langwirksam",IsosorbidmonoNitrate (ISMN),C
Chronische Therapie nach Herzinfarkt,"Nitrate, langwirksam",IsosorbiddiNitrate (ISDN),C
Chronische Therapie nach Herzinfarkt,"Nitrate, langwirksam",GlyceroltriNitrate (GTN),C
Chronische Therapie nach Herzinfarkt,"Nitrate, langwirksam",PentaerythrityltetraNitrate (PETN),C
Chronische Therapie nach Herzinfarkt,Anti-Angina-Mittel,Ranolazin,C
Chronische Therapie nach Herzinfarkt,Fibrate,Bezafibrat,C
Chronische Therapie nach Herzinfarkt,Fibrate,Fenofibrat,C
Chronische Therapie nach Herzinfarkt,Fibrate,Gemfibrozil,C
Chronische Therapie nach Herzinfarkt,Klasse-I/III Antiarrhythmika,Amiodaron,C
Chronische Therapie nach Herzinfarkt,Klasse-I/III Antiarrhythmika,Amiodaron hydrochlorid,C
Chronische Therapie nach Herzinfarkt,Klasse-I/III Antiarrhythmika,Ajmalin,D
Chronische Therapie nach Herzinfarkt,Klasse-I/III Antiarrhythmika,Chinidin,D
Chronische Therapie nach Herzinfarkt,Klasse-I/III Antiarrhythmika,Disopyramid,D
Chronische Therapie nach Herzinfarkt,Klasse-I/III Antiarrhythmika,Prajmalin,D
Chronische Therapie nach Herzinfarkt,Klasse-I/III Antiarrhythmika,Procainamid,D
Chronische Therapie nach Herzinfarkt,Klasse-I/III Antiarrhythmika,Propafenon,D
Chronische Therapie nach Herzinfarkt,Klasse-I/III Antiarrhythmika,Aprindin,D
Chronische Therapie nach Herzinfarkt,Klasse-I/III Antiarrhythmika,Lidocain,D
Chronische Therapie nach Herzinfarkt,Klasse-I/III Antiarrhythmika,Mexiletin,D
Chronische Therapie nach Herzinfarkt,Klasse-I/III Antiarrhythmika,Tocainid,D
Chronische Therapie nach Herzinfarkt,Klasse-I/III Antiarrhythmika,Flecainid,D
Chronische Therapie nach Herzinfarkt,Klasse-I/III Antiarrhythmika,Lorcainid,D
Chronische Therapie nach Herzinfarkt,Klasse-I/III Antiarrhythmika,Propafenon,D
Chronische Therapie nach Herzinfarkt,Klasse-I/III Antiarrhythmika,Bretyliumtosilat,D
Chronische Therapie nach Herzinfarkt,Klasse-I/III Antiarrhythmika,Bunaftin,D
Chronische Therapie nach Herzinfarkt,Klasse-I/III Antiarrhythmika,Dofetilid,D
Chronische Therapie nach Herzinfarkt,Klasse-I/III Antiarrhythmika,Ibutilid,D
Chronische Therapie nach Herzinfarkt,Klasse-I/III Antiarrhythmika,Dronedaron,D
Chronische Therapie nach Herzinfarkt,Klasse-I/III Antiarrhythmika,Sotalol,D
Chronische Therapie nach Herzinfarkt,Klasse-I/III Antiarrhythmika,Tedisamil,D
Chronische Therapie nach Herzinfarkt,Adenosin-Rezeptor-Agonisten,Adenosin,D
Chronische Therapie nach Herzinfarkt,Digitalispräparat,Digoxin,D
Chronische Therapie nach Herzinfarkt,Digitalispräparat,Digitoxin,D
Chronische Therapie nach Herzinfarkt,If-Kanalblocker,Ivabradin,D
Chronische Therapie nach Herzinfarkt,If-Kanalblocker,Ivabradin hydrochlorid,D
Chronische Therapie nach Herzinfarkt,If-Kanalblocker,Ivabradin oxalat,D
Chronische Therapie nach Herzinfarkt (ohne Hypertonie),Calciumantagonisten vom Nifedipintyp,Amlodipin,D
Chronische Therapie nach Herzinfarkt (ohne Hypertonie),Calciumantagonisten vom Nifedipintyp,Felodipin,D
Chronische Therapie nach Herzinfarkt (ohne Hypertonie),Calciumantagonisten vom Nifedipintyp,Isradipin,D
Chronische Therapie nach Herzinfarkt (ohne Hypertonie),Calciumantagonisten vom Nifedipintyp,Manidipin,D
Chronische Therapie nach Herzinfarkt (ohne Hypertonie),Calciumantagonisten vom Nifedipintyp,Nifedipin,D
Chronische Therapie nach Herzinfarkt (ohne Hypertonie),Calciumantagonisten vom Nifedipintyp,Nilvadipin,D
Chronische Therapie nach Herzinfarkt (ohne Hypertonie),Calciumantagonisten vom Nifedipintyp,Nimodipin,D
Chronische Therapie nach Herzinfarkt (ohne Hypertonie),Calciumantagonisten vom Nifedipintyp,Nisoldipin,D
Chronische Therapie nach Herzinfarkt (ohne Hypertonie),Calciumantagonisten vom Nifedipintyp,Nitrendipin,D
Chronische Therapie nach Herzinfarkt (ohne Hypertonie),Calciumantagonisten vom Nifedipintyp,Gallopamil,D
Chronische Therapie nach Herzinfarkt,Vitamine,Niacin,D
Chronische Therapie nach Herzinfarkt,Vitamine,Niacinamid,D
Chronische Therapie nach Herzinfarkt,Vitamine,Nicotinamid,D
"Schlaganfall, vaskulär",Thrombozytenaggregationshemmer,Acetylsalicylsäure,A
"Schlaganfall, vaskulär",Statine,Simvastatin,A
"Schlaganfall, vaskulär",Statine,Lovastatin,A
"Schlaganfall, vaskulär",Statine,Pravastatin,A
"Schlaganfall, vaskulär",Statine,Fluvastatin,A
"Schlaganfall, vaskulär",Statine,Atorvastatin,A
"Schlaganfall, vaskulär",Statine,Rosuvastatin,A
"Schlaganfall, vaskulär",Statine,Pitavastatin,A
"Schlaganfall, vaskulär",Thrombolytika,Alteplase,A
"Schlaganfall, vaskulär",Thrombozytenaggregationshemmer,Clopidogrel,A
"Schlaganfall, vaskulär",Thrombozytenaggregationshemmer,Clopidogrel besilat,A
"Schlaganfall, vaskulär",Thrombozytenaggregationshemmer,Clopidogrel hydrochlorid,A
"Schlaganfall, vaskulär",Thrombozytenaggregationshemmer,Clopidogrel sulfat,A
"Schlaganfall, vaskulär",Thrombozytenaggregationshemmer,Dipyridamol,C
"Schlaganfall, vaskulär",Thrombozytenaggregationshemmer,Dipyridamol + Acetylsalicylsäure,C
Vorhofflimmern,Betablocker,Acebutolol,A
Vorhofflimmern,Betablocker,Atenolol,A
Vorhofflimmern,Betablocker,Betaxolol,A
Vorhofflimmern,Betablocker,Bisoprolol,A
Vorhofflimmern,Betablocker,Celiprolol,A
Vorhofflimmern,Betablocker,Metoprolol,A
Vorhofflimmern,Betablocker,Metoprololsuccinat,A
Vorhofflimmern,Betablocker,Nebivolol,A
Vorhofflimmern,Betablocker,Bupranolol,A
Vorhofflimmern,Betablocker,Carvedilol,A
Vorhofflimmern,Betablocker,Nadolol,A
Vorhofflimmern,Betablocker,Oxprenolol,A
Vorhofflimmern,Betablocker,Pindolol,A
Vorhofflimmern,Betablocker,Propranolol,A
Vorhofflimmern,Betablocker,Sotalol,A
Vorhofflimmern,Betablocker,Labetalol,A
Vorhofflimmern,Nicht-Vitamin-K-Oralantikoagulantien (NOAKs),Dabigatran,B
Vorhofflimmern,Nicht-Vitamin-K-Oralantikoagulantien (NOAKs),Dabigatranetexilat,B
Vorhofflimmern,Nicht-Vitamin-K-Oralantikoagulantien (NOAKs),Edoxaban,B
Vorhofflimmern,Nicht-Vitamin-K-Oralantikoagulantien (NOAKs),Rivaroxaban,B
Vorhofflimmern,Nicht-Vitamin-K-Oralantikoagulantien (NOAKs),Apixaban,A
Vorhofflimmern,Vitamin-K-Antagonisten,Acenocoumarol,B
Vorhofflimmern,Vitamin-K-Antagonisten,Warfarin,B
Vorhofflimmern,Vitamin-K-Antagonisten,Phenprocoumon,C
Vorhofflimmern,Niedermolek. Herparine,Certoparin,C
Vorhofflimmern,Niedermolek. Herparine,Dalteparin,C
Vorhofflimmern,Niedermolek. Herparine,Enoxaparin,C
Vorhofflimmern,Niedermolek. Herparine,Nadroparin,C
Vorhofflimmern,Niedermolek. Herparine,Reviparin,C
Vorhofflimmern,Niedermolek. Herparine,Tinzaparin,C
Vorhofflimmern,Niedermolek. Herparine,Danaparoid,C
Vorhofflimmern,Niedermolek. Herparine,Argatroban,C
Vorhofflimmern,Klasse-I/III Antiarrhythmika,Amiodaron,C
Vorhofflimmern,Klasse-I/III Antiarrhythmika,Amiodaron hydrochlorid,C
Vorhofflimmern,Klasse-I/III Antiarrhythmika,Ajmalin,D
Vorhofflimmern,Klasse-I/III Antiarrhythmika,Chinidin,D
Vorhofflimmern,Klasse-I/III Antiarrhythmika,Disopyramid,D
Vorhofflimmern,Klasse-I/III Antiarrhythmika,Prajmalin,D
Vorhofflimmern,Klasse-I/III Antiarrhythmika,Procainamid,D
Vorhofflimmern,Klasse-I/III Antiarrhythmika,Propafenon,D
Vorhofflimmern,Klasse-I/III Antiarrhythmika,Aprindin,D
Vorhofflimmern,Klasse-I/III Antiarrhythmika,Lidocain,D
Vorhofflimmern,Klasse-I/III Antiarrhythmika,Mexiletin,D
Vorhofflimmern,Klasse-I/III Antiarrhythmika,Tocainid,D
Vorhofflimmern,Klasse-I/III Antiarrhythmika,Flecainid,D
Vorhofflimmern,Klasse-I/III Antiarrhythmika,Lorcainid,D
Vorhofflimmern,Klasse-I/III Antiarrhythmika,Propafenon,D
Vorhofflimmern,Klasse-I/III Antiarrhythmika,Bretyliumtosilat,D
Vorhofflimmern,Klasse-I/III Antiarrhythmika,Bunaftin,D
Vorhofflimmern,Klasse-I/III Antiarrhythmika,Dofetilid,D
Vorhofflimmern,Klasse-I/III Antiarrhythmika,Ibutilid,D
Vorhofflimmern,Klasse-I/III Antiarrhythmika,Dronedaron,D
Vorhofflimmern,Klasse-I/III Antiarrhythmika,Sotalol,D
Vorhofflimmern,Klasse-I/III Antiarrhythmika,Tedisamil,D
Vorhofflimmern,,Adenosin,D
Vorhofflimmern,Digitalispräparat,Digoxin,D
Vorhofflimmern,Digitalispräparat,Digitoxin,D
Vorhofflimmern,If-Kanalblocker,Ivabradin,D
Vorhofflimmern,If-Kanalblocker,Ivabradin hydrochlorid,D
Vorhofflimmern,If-Kanalblocker,Ivabradin oxalat,D
Vorhofflimmern,Calciumantagonisten vom Diltiazemtyp,Diltiazem,D
Vorhofflimmern,Calciumantagonisten vom Diltiazemtyp,Diltiazem hydrochlorid,D
Vorhofflimmern,Calciumantagonisten vom Verapamiltyp,Verapamil,D
Vorhofflimmern,Calciumantagonisten vom Verapamiltyp,Verapamil hydrochlorid,D
Vorhofflimmern,Thrombozytenaggregationshemmer,Acetylsalicylsäure,D
Obstruktive Lungenerkrankung (COPD),Langwirksame inhalative Parasympatholytika (LAMA),Tiotropium,A
Obstruktive Lungenerkrankung (COPD),Langwirksame inhalative Parasympatholytika (LAMA),Glycopyrronium,A
Obstruktive Lungenerkrankung (COPD),Kurzwirksame inhalative Parasympatholytika,Ipratropium,A
"Obstruktive Lungenerkrankung (COPD), akut exazerbiert",Systemische Glukokortikoide,Cortisol,A
"Obstruktive Lungenerkrankung (COPD), akut exazerbiert",Systemische Glukokortikoide,Cortison,A
"Obstruktive Lungenerkrankung (COPD), akut exazerbiert",Systemische Glukokortikoide,Beclomethason,A
"Obstruktive Lungenerkrankung (COPD), akut exazerbiert",Systemische Glukokortikoide,Betamethason,A
"Obstruktive Lungenerkrankung (COPD), akut exazerbiert",Systemische Glukokortikoide,Budesonid,A
"Obstruktive Lungenerkrankung (COPD), akut exazerbiert",Systemische Glukokortikoide,Ciclesonid,A
"Obstruktive Lungenerkrankung (COPD), akut exazerbiert",Systemische Glukokortikoide,Dexamethason,A
"Obstruktive Lungenerkrankung (COPD), akut exazerbiert",Systemische Glukokortikoide,Fluticason,A
"Obstruktive Lungenerkrankung (COPD), akut exazerbiert",Systemische Glukokortikoide,Hydrocortison,A
"Obstruktive Lungenerkrankung (COPD), akut exazerbiert",Systemische Glukokortikoide,Methylprednisolon,A
"Obstruktive Lungenerkrankung (COPD), akut exazerbiert",Systemische Glukokortikoide,Mometason,A
"Obstruktive Lungenerkrankung (COPD), akut exazerbiert",Systemische Glukokortikoide,Prednisolon,A
"Obstruktive Lungenerkrankung (COPD), akut exazerbiert",Systemische Glukokortikoide,Prednison,A
"Obstruktive Lungenerkrankung (COPD), akut exazerbiert",Systemische Glukokortikoide,Triamcinolon,A
"Obstruktive Lungenerkrankung (COPD), akut exazerbiert",Antibiotika,Procain-Benzylpenicillin,A
"Obstruktive Lungenerkrankung (COPD), akut exazerbiert",Antibiotika,Clemizol-Benzylpenicillin,A
"Obstruktive Lungenerkrankung (COPD), akut exazerbiert",Antibiotika,Benzathin-Benzylpenicillin,A
"Obstruktive Lungenerkrankung (COPD), akut exazerbiert",Antibiotika,Phenoxymethylpenicillin,A
"Obstruktive Lungenerkrankung (COPD), akut exazerbiert",Antibiotika,Oxacillin,A
"Obstruktive Lungenerkrankung (COPD), akut exazerbiert",Antibiotika,Dicloxacillin,A
"Obstruktive Lungenerkrankung (COPD), akut exazerbiert",Antibiotika,Flucloxacillin,A
"Obstruktive Lungenerkrankung (COPD), akut exazerbiert",Antibiotika,Cloxacillin,A
"Obstruktive Lungenerkrankung (COPD), akut exazerbiert",Antibiotika,Amoxicillin,A
"Obstruktive Lungenerkrankung (COPD), akut exazerbiert",Antibiotika,Ampicillin,A
"Obstruktive Lungenerkrankung (COPD), akut exazerbiert",Antibiotika,Bacampicillin,A
"Obstruktive Lungenerkrankung (COPD), akut exazerbiert",Antibiotika,Carbenicillin,A
"Obstruktive Lungenerkrankung (COPD), akut exazerbiert",Antibiotika,Ticarcillin,A
"Obstruktive Lungenerkrankung (COPD), akut exazerbiert",Antibiotika,Piperacillin,A
"Obstruktive Lungenerkrankung (COPD), akut exazerbiert",Antibiotika,Azlocillin,A
"Obstruktive Lungenerkrankung (COPD), akut exazerbiert",Antibiotika,Mezlocillin,A
"Obstruktive Lungenerkrankung (COPD), akut exazerbiert",Antibiotika,Cefazolin,A
"Obstruktive Lungenerkrankung (COPD), akut exazerbiert",Antibiotika,Cefuroxim,A
"Obstruktive Lungenerkrankung (COPD), akut exazerbiert",Antibiotika,Cefotiam,A
"Obstruktive Lungenerkrankung (COPD), akut exazerbiert",Antibiotika,Cefoxitin,A
"Obstruktive Lungenerkrankung (COPD), akut exazerbiert",Antibiotika,Ceftriaxon,A
"Obstruktive Lungenerkrankung (COPD), akut exazerbiert",Antibiotika,Cefotaxim,A
"Obstruktive Lungenerkrankung (COPD), akut exazerbiert",Antibiotika,Ceftazidim,A
"Obstruktive Lungenerkrankung (COPD), akut exazerbiert",Antibiotika,Cefepim,A
"Obstruktive Lungenerkrankung (COPD), akut exazerbiert",Antibiotika,Ceftarolin,A
"Obstruktive Lungenerkrankung (COPD), akut exazerbiert",Antibiotika,Ceftobiprol,A
"Obstruktive Lungenerkrankung (COPD), akut exazerbiert",Antibiotika,Cefalexin,A
"Obstruktive Lungenerkrankung (COPD), akut exazerbiert",Antibiotika,Cefadroxil,A
"Obstruktive Lungenerkrankung (COPD), akut exazerbiert",Antibiotika,Cefaclor,A
"Obstruktive Lungenerkrankung (COPD), akut exazerbiert",Antibiotika,Cefuroxim,A
"Obstruktive Lungenerkrankung (COPD), akut exazerbiert",Antibiotika,Cefuroxim axetil,A
"Obstruktive Lungenerkrankung (COPD), akut exazerbiert",Antibiotika,Loracarbef,A
"Obstruktive Lungenerkrankung (COPD), akut exazerbiert",Antibiotika,Cefixim,A
"Obstruktive Lungenerkrankung (COPD), akut exazerbiert",Antibiotika,Cefpodoxim,A
"Obstruktive Lungenerkrankung (COPD), akut exazerbiert",Antibiotika,Cefpodoxim proxetil,A
"Obstruktive Lungenerkrankung (COPD), akut exazerbiert",Antibiotika,Ceftibuten,A
"Obstruktive Lungenerkrankung (COPD), akut exazerbiert",Antibiotika,Meropenem,A
"Obstruktive Lungenerkrankung (COPD), akut exazerbiert",Antibiotika,Ertapenem,A
"Obstruktive Lungenerkrankung (COPD), akut exazerbiert",Antibiotika,Doripenem,A
"Obstruktive Lungenerkrankung (COPD), akut exazerbiert",Antibiotika,Biapenem,A
"Obstruktive Lungenerkrankung (COPD), akut exazerbiert",Antibiotika,Tebipenempivoxil,A
"Obstruktive Lungenerkrankung (COPD), akut exazerbiert",Antibiotika,Imipenem,A
"Obstruktive Lungenerkrankung (COPD), akut exazerbiert",Antibiotika,Cilastatin,A
"Obstruktive Lungenerkrankung (COPD), akut exazerbiert",Antibiotika,Meropenem,A
"Obstruktive Lungenerkrankung (COPD), akut exazerbiert",Antibiotika,Vaborbactam,A
"Obstruktive Lungenerkrankung (COPD), akut exazerbiert",Antibiotika,Panipenem,A
"Obstruktive Lungenerkrankung (COPD), akut exazerbiert",Antibiotika,Betamipron,A
"Obstruktive Lungenerkrankung (COPD), akut exazerbiert",Antibiotika,Relebactam,A
"Obstruktive Lungenerkrankung (COPD), akut exazerbiert",Antibiotika,Aztreonam,A
"Obstruktive Lungenerkrankung (COPD), akut exazerbiert",Antibiotika,Carumonam,A
"Obstruktive Lungenerkrankung (COPD), akut exazerbiert",Antibiotika,Beta-Lactamase-Inhibitor,A
"Obstruktive Lungenerkrankung (COPD), akut exazerbiert",Antibiotika,Erythromycin,A
"Obstruktive Lungenerkrankung (COPD), akut exazerbiert",Antibiotika,Spiramycin,A
"Obstruktive Lungenerkrankung (COPD), akut exazerbiert",Antibiotika,Midecamycin,A
"Obstruktive Lungenerkrankung (COPD), akut exazerbiert",Antibiotika,Oleandomycin,A
"Obstruktive Lungenerkrankung (COPD), akut exazerbiert",Antibiotika,Roxithromycin,A
"Obstruktive Lungenerkrankung (COPD), akut exazerbiert",Antibiotika,Josamycin,A
"Obstruktive Lungenerkrankung (COPD), akut exazerbiert",Antibiotika,Troleandomycin,A
"Obstruktive Lungenerkrankung (COPD), akut exazerbiert",Antibiotika,Clarithromycin,A
"Obstruktive Lungenerkrankung (COPD), akut exazerbiert",Antibiotika,Azithromycin,A
"Obstruktive Lungenerkrankung (COPD), akut exazerbiert",Antibiotika,Miocamycin,A
"Obstruktive Lungenerkrankung (COPD), akut exazerbiert",Antibiotika,Rokitamycin,A
"Obstruktive Lungenerkrankung (COPD), akut exazerbiert",Antibiotika,Dirithromycin,A
"Obstruktive Lungenerkrankung (COPD), akut exazerbiert",Antibiotika,Flurithromycin,A
"Obstruktive Lungenerkrankung (COPD), akut exazerbiert",Antibiotika,Telithromycin,A
"Obstruktive Lungenerkrankung (COPD), akut exazerbiert",Antibiotika,Solithromycin,A
"Obstruktive Lungenerkrankung (COPD), akut exazerbiert",Antibiotika,Erythromycinstinoprat,A
"Obstruktive Lungenerkrankung (COPD), akut exazerbiert",Antibiotika,Doxycyclin,A
"Obstruktive Lungenerkrankung (COPD), akut exazerbiert",Antibiotika,Minocyclin,A
"Obstruktive Lungenerkrankung (COPD), akut exazerbiert",Antibiotika,Tetracyclin,A
"Obstruktive Lungenerkrankung (COPD), akut exazerbiert",Antibiotika,Tigecyclin,A
"Obstruktive Lungenerkrankung (COPD), akut exazerbiert",Antibiotika,Ofloxacin,A
"Obstruktive Lungenerkrankung (COPD), akut exazerbiert",Antibiotika,Ciprofloxacin,A
"Obstruktive Lungenerkrankung (COPD), akut exazerbiert",Antibiotika,Pefloxacin,A
"Obstruktive Lungenerkrankung (COPD), akut exazerbiert",Antibiotika,Enoxacin,A
"Obstruktive Lungenerkrankung (COPD), akut exazerbiert",Antibiotika,Temafloxacin,A
"Obstruktive Lungenerkrankung (COPD), akut exazerbiert",Antibiotika,Norfloxacin,A
"Obstruktive Lungenerkrankung (COPD), akut exazerbiert",Antibiotika,Lomefloxacin,A
"Obstruktive Lungenerkrankung (COPD), akut exazerbiert",Antibiotika,Fleroxacin,A
"Obstruktive Lungenerkrankung (COPD), akut exazerbiert",Antibiotika,Sparfloxacin,A
"Obstruktive Lungenerkrankung (COPD), akut exazerbiert",Antibiotika,Rufloxacin,A
"Obstruktive Lungenerkrankung (COPD), akut exazerbiert",Antibiotika,Grepafloxacin,A
"Obstruktive Lungenerkrankung (COPD), akut exazerbiert",Antibiotika,Levofloxacin,A
"Obstruktive Lungenerkrankung (COPD), akut exazerbiert",Antibiotika,Trovafloxacin,A
"Obstruktive Lungenerkrankung (COPD), akut exazerbiert",Antibiotika,Moxifloxacin,A
"Obstruktive Lungenerkrankung (COPD), akut exazerbiert",Antibiotika,Gemifloxacin,A
"Obstruktive Lungenerkrankung (COPD), akut exazerbiert",Antibiotika,Gatifloxacin,A
"Obstruktive Lungenerkrankung (COPD), akut exazerbiert",Antibiotika,Prulifloxacin,A
"Obstruktive Lungenerkrankung (COPD), akut exazerbiert",Antibiotika,Pazufloxacin,A
"Obstruktive Lungenerkrankung (COPD), akut exazerbiert",Antibiotika,Garenoxacin,A
"Obstruktive Lungenerkrankung (COPD), akut exazerbiert",Antibiotika,Sitafloxacin,A
"Obstruktive Lungenerkrankung (COPD), akut exazerbiert",Antibiotika,Tosufloxacin,A
"Obstruktive Lungenerkrankung (COPD), akut exazerbiert",Antibiotika,Delafloxacin,A
"Obstruktive Lungenerkrankung (COPD), akut exazerbiert",Antibiotika,Levonadifloxacin,A
"Obstruktive Lungenerkrankung (COPD), akut exazerbiert",Antibiotika,Lascufloxacin,A
"Obstruktive Lungenerkrankung (COPD), akut exazerbiert",Antibiotika,Rosoxacin,A
"Obstruktive Lungenerkrankung (COPD), akut exazerbiert",Antibiotika,Nalidixinsäure,A
"Obstruktive Lungenerkrankung (COPD), akut exazerbiert",Antibiotika,Piromidsäure,A
"Obstruktive Lungenerkrankung (COPD), akut exazerbiert",Antibiotika,Pipemidsäure,A
"Obstruktive Lungenerkrankung (COPD), akut exazerbiert",Antibiotika,Oxolinsäure,A
"Obstruktive Lungenerkrankung (COPD), akut exazerbiert",Antibiotika,Cinoxacin,A
"Obstruktive Lungenerkrankung (COPD), akut exazerbiert",Antibiotika,Flumequin,A
"Obstruktive Lungenerkrankung (COPD), akut exazerbiert",Antibiotika,Nemonoxacin,A
"Obstruktive Lungenerkrankung (COPD), akut exazerbiert",Antibiotika,Streptomycin,A
"Obstruktive Lungenerkrankung (COPD), akut exazerbiert",Antibiotika,Neomycin,A
"Obstruktive Lungenerkrankung (COPD), akut exazerbiert",Antibiotika,Paromomycin I,A
"Obstruktive Lungenerkrankung (COPD), akut exazerbiert",Antibiotika,Kanamycin,A
"Obstruktive Lungenerkrankung (COPD), akut exazerbiert",Antibiotika,Tobramycin,A
"Obstruktive Lungenerkrankung (COPD), akut exazerbiert",Antibiotika,Gentamicin,A
"Obstruktive Lungenerkrankung (COPD), akut exazerbiert",Antibiotika,Netilmycin,A
"Obstruktive Lungenerkrankung (COPD), akut exazerbiert",Antibiotika,Spectinomycin,A
"Obstruktive Lungenerkrankung (COPD), akut exazerbiert",Antibiotika,Amikacin,A
"Obstruktive Lungenerkrankung (COPD), akut exazerbiert",Antibiotika,Vancomycin,A
"Obstruktive Lungenerkrankung (COPD), akut exazerbiert",Antibiotika,Telvancin,A
"Obstruktive Lungenerkrankung (COPD), akut exazerbiert",Antibiotika,Teicoplanin,A
"Obstruktive Lungenerkrankung (COPD), akut exazerbiert",Antibiotika,Dalbavancin,A
"Obstruktive Lungenerkrankung (COPD), akut exazerbiert",Antibiotika,Clindamycin,A
"Obstruktive Lungenerkrankung (COPD), akut exazerbiert",Antibiotika,Lincomycin,A
"Obstruktive Lungenerkrankung (COPD), akut exazerbiert",Antibiotika,Linezolid,A
"Obstruktive Lungenerkrankung (COPD), akut exazerbiert",Antibiotika,Metronidazol,A
Obstruktive Lungenerkrankung (COPD),Langwirksame Beta-2-Mimetika (LABA),Formoterol,B
Obstruktive Lungenerkrankung (COPD),Langwirksame Beta-2-Mimetika (LABA),Salmeterol,B
Obstruktive Lungenerkrankung (COPD),Langwirksame Beta-2-Mimetika (LABA),Indacaterol,B
Obstruktive Lungenerkrankung (COPD),Langwirksame Beta-2-Mimetika (LABA),Olodaterol,B
Obstruktive Lungenerkrankung (COPD),Langwirksame Beta-2-Mimetika (LABA),Vilanterol,B
Obstruktive Lungenerkrankung (COPD),Kurzwirksame Beta-2-Mimetika (SABA),Fenoterol,B
Obstruktive Lungenerkrankung (COPD),Kurzwirksame Beta-2-Mimetika (SABA),Orciprenalin,B
Obstruktive Lungenerkrankung (COPD),Kurzwirksame Beta-2-Mimetika (SABA),Pirbuterol,B
Obstruktive Lungenerkrankung (COPD),Kurzwirksame Beta-2-Mimetika (SABA),Procaterol,B
Obstruktive Lungenerkrankung (COPD),Kurzwirksame Beta-2-Mimetika (SABA),Salbutamol,B
Obstruktive Lungenerkrankung (COPD),Kurzwirksame Beta-2-Mimetika (SABA),Terbutalin,B
Obstruktive Lungenerkrankung (COPD),Inhalative Glukokortikoide,Beclomethason,B
Obstruktive Lungenerkrankung (COPD),Inhalative Glukokortikoide,Budesonid,B
Obstruktive Lungenerkrankung (COPD),Inhalative Glukokortikoide,Ciclesonid,B
Obstruktive Lungenerkrankung (COPD),Inhalative Glukokortikoide,Fluticason,B
Obstruktive Lungenerkrankung (COPD),Inhalative Glukokortikoide,Mometason,B
Obstruktive Lungenerkrankung (COPD),Inhalative Glukokortikoide,Triamcinolon,B
Obstruktive Lungenerkrankung (COPD),Methylxanthine,Cholin theophyllinat,D
Obstruktive Lungenerkrankung (COPD),Methylxanthine,Theophyllin,D
Obstruktive Lungenerkrankung (COPD),Methylxanthine,Theophyllin monohydrat,D
Obstruktive Lungenerkrankung (COPD),Methylxanthine,Theophyllin-Natriumglycinat,D
Obstruktive Lungenerkrankung (COPD),Methylxanthine,Theophyllinum,D
Obstruktive Lungenerkrankung (COPD),Mukolytika,Ambroxol,C
Obstruktive Lungenerkrankung (COPD),Mukolytika,Bromhexin,C
Obstruktive Lungenerkrankung (COPD),Mukolytika,Acetylcystein,C
Obstruktive Lungenerkrankung (COPD),Mukolytika,Carbocistein,C
Obstruktive Lungenerkrankung (COPD),PDE-4-Hemmer,Roflumilast,C
Obstruktive Lungenerkrankung (COPD),Systemische Glukokortikoide,Cortisol,D
Obstruktive Lungenerkrankung (COPD),Systemische Glukokortikoide,Cortison,D
Obstruktive Lungenerkrankung (COPD),Systemische Glukokortikoide,Beclomethason,D
Obstruktive Lungenerkrankung (COPD),Systemische Glukokortikoide,Betamethason,D
Obstruktive Lungenerkrankung (COPD),Systemische Glukokortikoide,Budesonid,D
Obstruktive Lungenerkrankung (COPD),Systemische Glukokortikoide,Ciclesonid,D
Obstruktive Lungenerkrankung (COPD),Systemische Glukokortikoide,Dexamethason,D
Obstruktive Lungenerkrankung (COPD),Systemische Glukokortikoide,Fluticason,D
Obstruktive Lungenerkrankung (COPD),Systemische Glukokortikoide,Hydrocortison,D
Obstruktive Lungenerkrankung (COPD),Systemische Glukokortikoide,Methylprednisolon,D
Obstruktive Lungenerkrankung (COPD),Systemische Glukokortikoide,Mometason,D
Obstruktive Lungenerkrankung (COPD),Systemische Glukokortikoide,Prednisolon,D
Obstruktive Lungenerkrankung (COPD),Systemische Glukokortikoide,Prednison,D
Obstruktive Lungenerkrankung (COPD),Systemische Glukokortikoide,Triamcinolon,D
Obstruktive Lungenerkrankung (COPD),Antitussiva,Benproperin,D
Obstruktive Lungenerkrankung (COPD),Antitussiva,Codein,D
Obstruktive Lungenerkrankung (COPD),Antitussiva,Dextromethorphan,D
Obstruktive Lungenerkrankung (COPD),Antitussiva,Dihydrocodein,D
Obstruktive Lungenerkrankung (COPD),Antitussiva,Levodropropizin,D
Obstruktive Lungenerkrankung (COPD),Antitussiva,Noscapin,D
Obstruktive Lungenerkrankung (COPD),Antitussiva,Pentoxyverin,D
Osteoporose,Vitamin D und Calcium,Calcium,A
Osteoporose,Vitamin D und Calcium,Calciumacetat,A
Osteoporose,Vitamin D und Calcium,Calciumacetat-1-Wasser,A
Osteoporose,Vitamin D und Calcium,Calcium-bis(DL-hydrogenaspartat),A
Osteoporose,Vitamin D und Calcium,Calciumbis(hydrogenaspartat),A
Osteoporose,Vitamin D und Calcium,Calciumchlorid,A
Osteoporose,Vitamin D und Calcium,Calciumchlorid dihydrat,A
Osteoporose,Vitamin D und Calcium,Calciumchlorid hexahydrat,A
Osteoporose,Vitamin D und Calcium,Calciumcitrat,A
Osteoporose,Vitamin D und Calcium,Calciumcitrat-4-Wasser,A
Osteoporose,Vitamin D und Calcium,Calcium-D-gluconat-Calciumlactat-Gemisch,A
Osteoporose,Vitamin D und Calcium,Calcium-D-gluconat-Calciumlactat-Gemisch (2:3)-2-Wasser,A
Osteoporose,Vitamin D und Calcium,Calciumdihydrogencitrat,A
Osteoporose,Vitamin D und Calcium,Calcium dihydrogenophosphoricum,A
Osteoporose,Vitamin D und Calcium,Calciumdihydrogenphosphat,A
Osteoporose,Vitamin D und Calcium,Calciumdihydrogenphosphat-1-Wasser,A
Osteoporose,Vitamin D und Calcium,Calciumgluconat,A
Osteoporose,Vitamin D und Calcium,Calcium-gluconat 1-Wasser,A
Osteoporose,Vitamin D und Calcium,Calcium-gluconicum,A
Osteoporose,Vitamin D und Calcium,Calcium glycerinophosphoricum,A
Osteoporose,Vitamin D und Calcium,Calciumglycerophosphat,A
Osteoporose,Vitamin D und Calcium,Calciumhydrogenphosphat,A
Osteoporose,Vitamin D und Calcium,Calciumhydrogenphosphat dihydrat,A
Osteoporose,Vitamin D und Calcium,Calciumhydroxid,A
Osteoporose,Vitamin D und Calcium,Calcium lactat,A
Osteoporose,Vitamin D und Calcium,Calciumlactat monohydrat,A
Osteoporose,Vitamin D und Calcium,Calciumlactat pentahydrat,A
Osteoporose,Vitamin D und Calcium,Calciummonohydrogenphosphat,A
Osteoporose,Vitamin D und Calcium,Calciumorotat-2-Wasser,A
Osteoporose,Vitamin D und Calcium,Calciumorthophosphat,A
Osteoporose,Vitamin D und Calcium,"Calciumoxid-Lsg., wässrig",A
Osteoporose,Vitamin D und Calcium,Calcium oxydatum,A
Osteoporose,Vitamin D und Calcium,Wasser/Calciumoxid (44:1),A
Osteoporose,Vitamin D und Calcium,Colecalciferol,A
Osteoporose,Pareneterale Biphosphonate,Ibandronsäure,A
Osteoporose,Pareneterale Biphosphonate,Pamidronsäure,A
Osteoporose,Pareneterale Biphosphonate,Zoledronsäure,A
Osteoporose (bei Frauen),Selektive Estrogenrezeptor-Modulatoren,Raloxifen,A
Osteoporose,Monoklonale Antikörper,Denosumab,A
Osteoporose,Orale Bisphosphonate,Alendronsäure,B
Osteoporose,Orale Bisphosphonate,Clodronsäure,B
Osteoporose,Orale Bisphosphonate,Etidronsäure,B
Osteoporose,Orale Bisphosphonate,Ibandronsäure,B
Osteoporose,Orale Bisphosphonate,Risedronsäure,B
Osteoporose (bei GFR > 30 ml/min),Vitamin-D-Analoga,Alfacalcidol,C
Osteoporose (bei GFR < 30 ml/min),Vitamin-D-Analoga,Alfacalcidol,B
Osteoporose,Parathormon-Analoga,Teriparatid,B
Osteoporose,Hormone,Parathormon,C
Osteoporose,Monoklonale Antikörper,Romosozumab,B
Osteoporose,Androgenanaloga,Nandrolon decanoat,D
Osteoporose,Fluorid,Fluorid,D
Osteoporose,Fluorid,Fluorid-Ion,D
Osteoporose,Fluorid,Fluorid-Ion insgesamt,D
Osteoporose,Fluorid,Zinn(II)-fluorid,D
Osteoporose,Östrogen,Östrogen,D
Diabetes Mellitus Typ II,DPP4 (Dipeptidylpeptidase)-Hemmer,Linagliptin,A
Diabetes Mellitus Typ II,DPP4 (Dipeptidylpeptidase)-Hemmer,Saxagliptin,A
Diabetes Mellitus Typ II,DPP4 (Dipeptidylpeptidase)-Hemmer,Sitagliptin,A
Diabetes Mellitus Typ II,DPP4 (Dipeptidylpeptidase)-Hemmer,Vildagliptin,A
Diabetes Mellitus Typ II,Insulin und Insulin-Analoga,Normalinsulin,B
Diabetes Mellitus Typ II,Insulin und Insulin-Analoga,NPH-Insulin,B
Diabetes Mellitus Typ II,Insulin und Insulin-Analoga,Mischinsulin,B
Diabetes Mellitus Typ II,Insulin und Insulin-Analoga,Insulin lispro,B
Diabetes Mellitus Typ II,Insulin und Insulin-Analoga,Insulin aspart,B
Diabetes Mellitus Typ II,Insulin und Insulin-Analoga,Insulin glulisin,B
Diabetes Mellitus Typ II,Insulin und Insulin-Analoga,Insulin detemir,B
Diabetes Mellitus Typ II,Insulin und Insulin-Analoga,Insulin glargin,B
Diabetes Mellitus Typ II,Insulin und Insulin-Analoga,Insulin degludec,B
Diabetes Mellitus Typ II,Insulin und Insulin-Analoga,Insulin icodec,B
Diabetes Mellitus Typ II,Biguanide,Metformin,B
Diabetes Mellitus Typ II,Biguanide,Metformin hydrochlorid,B
Diabetes Mellitus Typ II,GLP1 (Glucagon-Like Peptide-1) Analoga,Exenatid,B
Diabetes Mellitus Typ II,GLP1 (Glucagon-Like Peptide-1) Analoga,Liraglutid,B
Diabetes Mellitus Typ II,GLP1 (Glucagon-Like Peptide-1) Analoga,Lixisenatid,B
Diabetes Mellitus Typ II,GLP1 (Glucagon-Like Peptide-1) Analoga,Semaglutid,B
Diabetes Mellitus Typ II,GLP1 (Glucagon-Like Peptide-1) Analoga,Albiglutid,B
Diabetes Mellitus Typ II,GLP1 (Glucagon-Like Peptide-1) Analoga,Dulaglutid,B
Diabetes Mellitus Typ II,GLP1 (Glucagon-Like Peptide-1) Analoga,Exenatid,B
Diabetes Mellitus Typ II,GLP1 (Glucagon-Like Peptide-1) Analoga,Semaglutid,B
Diabetes Mellitus Typ II,α-Glucosidase-Hemmer,Acarbose,C
Diabetes Mellitus Typ II,Sulfonylharnstoffe der 3. Generation,Glimepirid,C
Diabetes Mellitus Typ II,Glinide,Nateglinid,C
Diabetes Mellitus Typ II,Glinide,Repaglinid,C
Diabetes Mellitus Typ II,Gliflozine (SGLT-2-Hemmer),Canagliflozin,B
Diabetes Mellitus Typ II,Gliflozine (SGLT-2-Hemmer),Dapagliflozin,B
Diabetes Mellitus Typ II,Gliflozine (SGLT-2-Hemmer),Empagliflozin,B
Diabetes Mellitus Typ II,Gliflozine (SGLT-2-Hemmer),Ertugliflozin,B
Diabetes Mellitus Typ II,PPAR-ɣ Ligands (Peroxisomal Proliferator-Activated Receptor gamma),Pioglitazon,C
Diabetes Mellitus Typ II,PPAR-ɣ Ligands (Peroxisomal Proliferator-Activated Receptor gamma),Pioglitazon hydrochlorid,C
Diabetes Mellitus Typ II,PPAR-ɣ Ligands (Peroxisomal Proliferator-Activated Receptor gamma),Rosiglitazon,D
Diabetes Mellitus Typ II,PPAR-ɣ Ligands (Peroxisomal Proliferator-Activated Receptor gamma),Rosiglitazonmaleat,D
Diabetes Mellitus Typ II,Sulfonylharnstoffe der 2. Generation,Glibenclamid,D
Diabetes Mellitus Typ II,Sulfonylharnstoffe der 2. Generation,Gliquidon,D
Demenz,Acetylcholinesterase-Inhibitoren,Donepezil,A
Demenz,Acetylcholinesterase-Inhibitoren,Donepezil hydrochlorid,A
Demenz,Acetylcholinesterase-Inhibitoren,Donepezil hydrochlorid-1-Wasser,A
Demenz,Acetylcholinesterase-Inhibitoren,Galantamin,A
Demenz,Acetylcholinesterase-Inhibitoren,Galantamin hydrobromid,A
Demenz,Acetylcholinesterase-Inhibitoren,Rivastigmin,A
Demenz,Acetylcholinesterase-Inhibitoren,"Rivastigmin (R,R)-tartrat",A
Demenz,NMDA-Rezeptor-Antagonisten,Memantin,B
Demenz,NMDA-Rezeptor-Antagonisten,Memantin hydrochlorid,B
Demenz,Phytopharmaka,Ginkgo biloba,C
Demenz,Gehirnmetabolikum,Piracetam,D
Demenz,Antioxidantien,"(R,R,R)-α-Tocopherol",D
Demenz,Antioxidantien,Alpha-Tocopherol,D
Demenz,Antioxidantien,Vitamin E,D
Demenz,Antioxidantien,Acidum selenicum,D
Demenz,Antioxidantien,Natrium selenicum,D
Demenz,Antioxidantien,Selen,D
Demenz,Antioxidantien,Selendisulfid,D
Demenz,Antioxidantien,Selenhefe,D
Demenz,Antioxidantien,Selen-Ionum,D
Demenz,Antioxidantien,Selenit-Ion,D
Demenz,Antioxidantien,Selenium,D
Demenz,Antioxidantien,Selen(IV)-Ion,D
Demenz,Antioxidantien,Seleno-L-methionin,D
Demenz,Antioxidantien,"Selen, organisch gebunden",D
Demenz,Antioxidantien,Selen(VI)-Ion,D
Demenz,Antioxidantien,Ascorbinsäure,D
Demenz,Phytopharmaka,Ginseng,D
Demenz,Hormone,DHEA,D
Demenz,Hormone,Dehydroepiandrosteron,D
Demenz,Hormone,Testosteron,D
Demenz,Monoklonale Antikörper,Aducanumab,D
Demenz,Monoklonale Antikörper,Lecanemab,D
Demenz-assoziierte Verhaltensstörungen / Depression,Selektive Serotonin Reuptake Inhibitoren (SSRI),Citalopram,C
Demenz-assoziierte Verhaltensstörungen / Depression,Selektive Serotonin Reuptake Inhibitoren (SSRI),Escitalopram,C
Demenz-assoziierte Verhaltensstörungen / Depression,Selektive Serotonin Reuptake Inhibitoren (SSRI),Fluoxetin,C
Demenz-assoziierte Verhaltensstörungen / Depression,Selektive Serotonin Reuptake Inhibitoren (SSRI),Fluvoxamin,C
Demenz-assoziierte Verhaltensstörungen / Depression,Selektive Serotonin Reuptake Inhibitoren (SSRI),Paroxetin,C
Demenz-assoziierte Verhaltensstörungen / Depression,Selektive Serotonin Reuptake Inhibitoren (SSRI),Sertralin,C
Demenz-assoziierte Verhaltensstörungen / Depression,Tetrazyklische Antidepressiva,Mirtazapin,C
Demenz-assoziierte Verhaltensstörungen / Depression,Serotonin-Noradrenalin-Reuptake-Inhibitoren (SNRI),Desvenlafaxin,D
Demenz-assoziierte Verhaltensstörungen / Depression,Serotonin-Noradrenalin-Reuptake-Inhibitoren (SNRI),Duloxetin,D
Demenz-assoziierte Verhaltensstörungen / Depression,Serotonin-Noradrenalin-Reuptake-Inhibitoren (SNRI),Milnacipran,D
Demenz-assoziierte Verhaltensstörungen / Depression,Serotonin-Noradrenalin-Reuptake-Inhibitoren (SNRI),Venlafaxin,D
Demenz-assoziierte paranoide Symptome / Halluzinationen,Antipsychotika,Risperidon,C
Demenz-assoziierte paranoide Symptome / Halluzinationen,Antipsychotika,Melperon,C
Demenz-assoziierte paranoide Symptome / Halluzinationen,Antipsychotika,Quetiapin,C
Demenz-assoziierte paranoide Symptome / Halluzinationen,Antipsychotika,Quetiapin hemifumarat,C
Demenz-assoziierte paranoide Symptome / Halluzinationen,Antipsychotika,Olanzapin,C
Demenz-assoziierte paranoide Symptome / Halluzinationen,Antipsychotika,Aripiprazol,D
Demenz-assoziierte paranoide Symptome / Halluzinationen,Antipsychotika,Clozapin,D
Demenz-assoziierte paranoide Symptome / Halluzinationen,Antipsychotika,Haloperidol,D
Demenz-assoziierte paranoide Symptome / Halluzinationen,Antipsychotika,Haloperidol decanoat,D
"Demenz-assoziierte Unruhe, Agitiertheit, Aggressivität",Trizyklische Antidepressiva,Trazodon,C
"Demenz-assoziierte Unruhe, Agitiertheit, Aggressivität",Trizyklische Antidepressiva,Trazodon hydrochlorid,C
"Demenz-assoziierte Unruhe, Agitiertheit, Aggressivität",Antipsychotika,Risperidon,C
"Demenz-assoziierte Unruhe, Agitiertheit, Aggressivität",Antipsychotika,Quetiapin,C
"Demenz-assoziierte Unruhe, Agitiertheit, Aggressivität",Antipsychotika,Quetiapin hemifumarat,C
"Demenz-assoziierte Unruhe, Agitiertheit, Aggressivität",Antipsychotika,Melperon,C
"Demenz-assoziierte Unruhe, Agitiertheit, Aggressivität",Antipsychotika,Pipamperon,C
"Demenz-assoziierte Unruhe, Agitiertheit, Aggressivität",Antipsychotika,Pipamperon dihydrochlorid,C
"Demenz-assoziierte Unruhe, Agitiertheit, Aggressivität",Selektive Serotonin Reuptake Inhibitoren (SSRI),Citalopram,C
"Demenz-assoziierte Unruhe, Agitiertheit, Aggressivität",Selektive Serotonin Reuptake Inhibitoren (SSRI),Citalopram hydrobromid,C
"Demenz-assoziierte Unruhe, Agitiertheit, Aggressivität",Selektive Serotonin Reuptake Inhibitoren (SSRI),Citalopram hydrochlorid,C
"Demenz-assoziierte Unruhe, Agitiertheit, Aggressivität",Sedativa,Clomethiazol,D
"Demenz-assoziierte Unruhe, Agitiertheit, Aggressivität",Sedativa,Clomethiazol edisilat,D
Demenz-assoziierte Schlafstörung,Hormone,Melatonin,C
Demenz-assoziierte Schlafstörung,Tetrazyklische Antidepressiva,Mirtazapin,C
Demenz-assoziierte Schlafstörung,Tetrazyklische Antidepressiva,"Mirtazapin-0,5-Wasser",C
Demenz-assoziierte Schlafstörung,Tetrazyklische Antidepressiva,Mirtazapinum,C
Demenz-assoziierte Schlafstörung,Trizyklische Antidepressiva,Trazodon,C
Demenz-assoziierte Schlafstörung,Trizyklische Antidepressiva,Trazodon hydrochlorid,C
Demenz-assoziierte Schlafstörung,Trizyklische Antidepressiva,Doxepin,D
Demenz-assoziierte Schlafstörung,Z-Substanzen,Zopiclon,D
Demenz-assoziierte Schlafstörung,Benzodiazepine,Diazepam,D
Demenz-assoziierte Schlafstörung,Benzodiazepine,Chlordiazepoxid,D
Demenz-assoziierte Schlafstörung,Benzodiazepine,Alprazolam,D
Demenz-assoziierte Schlafstörung,Benzodiazepine,Bromazepam,D
Demenz-assoziierte Schlafstörung,Benzodiazepine,Fludiazepam,D
Demenz-assoziierte Schlafstörung,Benzodiazepine,Lorazepam,D
Demenz-assoziierte Schlafstörung,Benzodiazepine,Medazepam,D
Demenz-assoziierte Schlafstörung,Benzodiazepine,Oxazepam,D
Demenz-assoziierte Schlafstörung,Benzodiazepine,Flurazepam,D
Demenz-assoziierte Schlafstörung,Benzodiazepine,Flunitrazepam,D
Demenz-assoziierte Schlafstörung,Benzodiazepine,Lormetazepam,D
Demenz-assoziierte Schlafstörung,Benzodiazepine,Midazolam,D
Demenz-assoziierte Schlafstörung,Benzodiazepine,Nitrazepam,D
Demenz-assoziierte Schlafstörung,Benzodiazepine,Triazolam,D
Demenz-assoziierte Schlafstörung,Benzodiazepine,Clonazepam,D
Demenz-assoziierte Schlafstörung,Benzodiazepine,Tetrazepam,D
Depression,Selektive Serotonin Reuptake Inhibitoren (SSRI),Sertralin,C
Depression,Selektive Serotonin Reuptake Inhibitoren (SSRI),Escitalopram,C
Depression,Selektive Serotonin Reuptake Inhibitoren (SSRI),Citalopram,C
Depression,Trizyklische Antidepressiva,Amitriptylin,D
Depression,Trizyklische Antidepressiva,Clomipramin,D
Depression,Trizyklische Antidepressiva,Desipramin,D
Depression,Trizyklische Antidepressiva,Doxepin,D
Depression,Trizyklische Antidepressiva,Imipramin,D
Depression,Trizyklische Antidepressiva,Nortriptylin,D
Depression,Trizyklische Antidepressiva,Opipramol,D
Depression,Trizyklische Antidepressiva,Trimipramin,D
Depression,Tetrazyklische Antidepressiva,Mirtazapin,C
Depression,Tetrazyklische Antidepressiva,"Mirtazapin-0,5-Wasser",C
Depression,Tetrazyklische Antidepressiva,Mirtazapinum,C
Depression,Serotonin-Noradrenalin Reuptake Inhibitoren (SNRI),Venlafaxin,C
Depression,Serotonin-Noradrenalin Reuptake Inhibitoren (SNRI),Duloxetin,C
Depression,Monoaminooxidase (MAO)-Hemmer,Moclobemid,D
Depression,Dopamin- und Noradrenalin-Reuptake-Inhibitor,Bupropion,C
Depression,Dopamin- und Noradrenalin-Reuptake-Inhibitor,Bupropion hydrochlorid,C
Depression,Antipsychotika,Quetiapin,C
Depression,Antipsychotika,Quetiapin hemifumarat,C
Depression,Serotonin-Reuptake-Enhancer,Tianeptin,C
Depression,Serotonin-Reuptake-Enhancer,Tianeptin natrium,C
Depression,Benzodiazepine,Alprazolam,D
Depression,Benzodiazepine,Bromazepam,D
Depression,Benzodiazepine,Chlordiazepoxid,D
Depression,Benzodiazepine,Clonazepam,D
Depression,Benzodiazepine,Diazepam,D
Depression,Benzodiazepine,Fludiazepam,D
Depression,Benzodiazepine,Flunitrazepam,D
Depression,Benzodiazepine,Lorazepam,D
Depression,Benzodiazepine,Lormetazepam,D
Depression,Benzodiazepine,Nitrazepam,D
Depression,Benzodiazepine,Oxazepam,D
Depression,Benzodiazepine,Tetrazepam,C
Depression,Benzodiazepine,Flurazepam,C
Depression,Benzodiazepine,Medazepam,C
Depression,Benzodiazepine,Midazolam,C
Depression,Benzodiazepine,Triazolam,C
Depression,Trizyklische Antidepressiva,Trazodon,D
Depression,Trizyklische Antidepressiva,Trazodon hydrochlorid,D
Depression,Phytopharmaka,Johanniskraut,D
Depression,Melatonin-Rezeptor-Agonist,Agomelatin,D
Depression,Melatonin-Rezeptor-Agonist,Agomelatin-Citronensäure (1:1),D
Depression,Melatonin-Rezeptor-Agonist,Agomelatin-Harnstoff (1:1),D
Depression,Selektive Noradrenalin Reuptake Inhibitoren,Reboxetin,D
Depression,Selektive Noradrenalin Reuptake Inhibitoren,Reboxetin mesilat,D
Bipolare Störung,Lithium,Lithiumcarbonat,B
Bipolare Störung,Lithium,Lithiumacetat,B
Bipolare Störung,Lithium,Lithiumsulfat,B
Bipolare Störung,Lithium,Lithiumcitrat,B
Bipolare Störung,Lithium,Lithiumorotat,B
Bipolare Störung,Antipsychotika,Quetiapin,B
Bipolare Störung,Antikonvulsiva,Valproinsäure,C
Bipolare Störung,Antikonvulsiva,Valproat,C
Bipolare Störung,Antikonvulsiva,Lamotrigin,C
Bipolare Störung,Antikonvulsiva,Carbamazepin,D
Insomnie / Schlafstörungen,Hormone,Melatonin,B
Insomnie / Schlafstörungen,Z-Substanz,Zolpidem,C
Insomnie / Schlafstörungen,Z-Substanz,Zaleplon,C
Insomnie / Schlafstörungen,Z-Substanz,Zopiclon,C
Insomnie / Schlafstörungen,Antipsychotika,Pipamperon,C
Insomnie / Schlafstörungen,Antipsychotika,Melperon,C
Insomnie / Schlafstörungen,Tetrazyklische Antidepressiva,Mirtapazin,C
Insomnie / Schlafstörungen,Trizyklische Antidepressiva,Trazodon,C
Insomnie / Schlafstörungen,Trizyklische Antidepressiva,Doxepin,D
Insomnie / Schlafstörungen,Benzodiazepine,Diazepam,D
Insomnie / Schlafstörungen,Benzodiazepine,Chlordiazepoxid,D
Insomnie / Schlafstörungen,Benzodiazepine,Alprazolam,D
Insomnie / Schlafstörungen,Benzodiazepine,Bromazepam,D
Insomnie / Schlafstörungen,Benzodiazepine,Fludiazepam,D
Insomnie / Schlafstörungen,Benzodiazepine,Lorazepam,D
Insomnie / Schlafstörungen,Benzodiazepine,Medazepam,D
Insomnie / Schlafstörungen,Benzodiazepine,Oxazepam,D
Insomnie / Schlafstörungen,Benzodiazepine,Flurazepam,D
Insomnie / Schlafstörungen,Benzodiazepine,Flunitrazepam,D
Insomnie / Schlafstörungen,Benzodiazepine,Lormetazepam,D
Insomnie / Schlafstörungen,Benzodiazepine,Midazolam,D
Insomnie / Schlafstörungen,Benzodiazepine,Nitrazepam,D
Insomnie / Schlafstörungen,Benzodiazepine,Triazolam,D
Insomnie / Schlafstörungen,Benzodiazepine,Clonazepam,D
Insomnie / Schlafstörungen,Benzodiazepine,Tetrazepam,D
Insomnie / Schlafstörungen,Benzodiazepine,Oxazepam,D
Insomnie / Schlafstörungen,Benzodiazepine,Triazolam,D
Insomnie / Schlafstörungen,Trizyklisches Anxiolytikum,Opipramol,D
Insomnie / Schlafstörungen,Trizyklisches Anxiolytikum,Opipramol dihydrochlorid,D
Insomnie / Schlafstörungen,Sedierende Antihistaminika,Clemastin,D
Insomnie / Schlafstörungen,Sedierende Antihistaminika,Dimetinden,D
Insomnie / Schlafstörungen,Sedierende Antihistaminika,Diphenhydramin,D
Insomnie / Schlafstörungen,Sedierende Antihistaminika,Doxylamin,D
Insomnie / Schlafstörungen,Sedierende Antihistaminika,Meclozin,D
Chronische Schmerzen,Nichtopioid-Analgetika,Paracetamol,A
Chronische Schmerzen,Nichtopioid-Analgetika,Metamizol,B
Chronische Schmerzen,Nichtopioid-Analgetika,Metamizol natrium-1-Wasser,B
Chronische Schmerzen,Nichtopioid-Analgetika,Metamizolum natricum,B
Chronische Schmerzen,Opioide,Buprenorphin,B
Chronische Schmerzen,Opioide,Hydromorphon,B
Chronische Schmerzen,Opioide,Levomethadon,B
Chronische Schmerzen,Opioide,Meptazinol,B
Chronische Schmerzen,Opioide,Methadon,B
Chronische Schmerzen,Opioide,Nalbuphin,B
Chronische Schmerzen,Opioide,Oxycodon,B
Chronische Schmerzen,Opioide,Piritramid,B
Chronische Schmerzen,Opioide,Tilidin,B
Chronische Schmerzen,Opioide,Tilidin hydrochlorid/Naloxon hydrochlorid,C
Chronische Schmerzen,Opioide,Oxycodon hydrochlorid/Naloxon hydrochlorid,C
Chronische Schmerzen,Opioide,Morphin,C
Chronische Schmerzen,Opioide,Morphin hydrochlorid-3-Wasser,C
Chronische Schmerzen,Opioide,Morphin-poly(styrol-co-divinylbenzol)sulfonat [1:x(y:z)],C
Chronische Schmerzen,Opioide,Morphin sulfat,C
Chronische Schmerzen,Opioide,Fentanyl,C
Chronische Schmerzen,Opioide,Fentanylcitrat,C
Chronische Schmerzen,Opioide,Fentanyl hydrochlorid,C
Chronische Schmerzen,Opioide,Tramadol,C
Chronische Schmerzen,Opioide,Tapentadol,C
Chronische Schmerzen,Selektive Serotonin Reuptake Inhibitoren (SSRI),Citalopram,C
Chronische Schmerzen,Selektive Serotonin Reuptake Inhibitoren (SSRI),Escitalopram,C
Chronische Schmerzen,Selektive Serotonin Reuptake Inhibitoren (SSRI),Fluoxetin,C
Chronische Schmerzen,Selektive Serotonin Reuptake Inhibitoren (SSRI),Fluvoxamin,C
Chronische Schmerzen,Selektive Serotonin Reuptake Inhibitoren (SSRI),Paroxetin,C
Chronische Schmerzen,Selektive Serotonin Reuptake Inhibitoren (SSRI),Sertralin,C
Chronische Schmerzen,Serotonin-Noradrenalin Reuptake Inhibitoren (SNRI),Desvenlafaxin,C
Chronische Schmerzen,Serotonin-Noradrenalin Reuptake Inhibitoren (SNRI),Duloxetin,C
Chronische Schmerzen,Serotonin-Noradrenalin Reuptake Inhibitoren (SNRI),Milnacipran,C
Chronische Schmerzen,Serotonin-Noradrenalin Reuptake Inhibitoren (SNRI),Venlafaxin,C
Chronische Schmerzen,Antikonvulsiva,Gabapentin,C
Chronische Schmerzen,Antikonvulsiva,Pregabalin,C
Chronische Schmerzen,Antikonvulsiva,Carbamazepin,D
Chronische Schmerzen,Trizyklische Antidepressiva,Amitriptylin,D
Chronische Schmerzen,Nichtopioid-Analgetika,Acetylsalicylsäure,D
Chronische Schmerzen,Nichtopioid-Analgetika,Naproxen,D
Chronische Schmerzen,Nichtopioid-Analgetika,Diclofenac,D
Chronische Schmerzen,Nichtopioid-Analgetika,Ibuprofen,D
Chronische Schmerzen,COX-II-Hemmer,Celecoxib,D
Chronische Schmerzen,COX-II-Hemmer,Etoricoxib,D
Chronische Schmerzen,COX-II-Hemmer,Meloxicam,D
Chronische Schmerzen,COX-II-Hemmer,Parecoxib,D
Epilepsie,Antikonvulsiva,Levetiracetam,B
Epilepsie,Antikonvulsiva,Lamotrigin,B
Epilepsie,Antikonvulsiva,Gabapentin,B
Epilepsie,Antikonvulsiva,Topiramat,B
Epilepsie,Antikonvulsiva,Lacosamid,B
Akuter Krampfanfall,Benzodiazepine,Lorazepam,B
Epilepsie,Antikonvulsiva,Lorazepam,D
Epilepsie,Antikonvulsiva,Pregabalin,C
Epilepsie,Antikonvulsiva,Oxcarbazepin,C
Epilepsie,Antikonvulsiva,Valproinsäure,C
Epilepsie,Antikonvulsiva,Valproat,
Epilepsie,Antikonvulsiva,Eslicarbazepin,C
Epilepsie,Antikonvulsiva,Eslicarbazepin acetat,C
Epilepsie,Antikonvulsiva,Zonisamid,C
Epilepsie,Antikonvulsiva,Carbamazepin,C
Epilepsie,Antikonvulsiva,Carbamazepinum,C
Akuter Krampfanfall,Benzodiazepine,Diazepam,C
Akuter Krampfanfall,Benzodiazepine,Diazepamum,C
Epilepsie,Benzodiazepine,Diazepam,D
Epilepsie,Benzodiazepine,Diazepamum,D
Akuter Krampfanfall,Benzodiazepine,Midazolam,C
Akuter Krampfanfall,Benzodiazepine,Midazolam hydrochlorid,C
Akuter Krampfanfall,Benzodiazepine,Midazolam maleat,C
Epilepsie,Benzodiazepine,Midazolam,D
Epilepsie,Benzodiazepine,Midazolam hydrochlorid,D
Epilepsie,Benzodiazepine,Midazolam maleat,D
Epilepsie,Antikonvulsiva,Phenytoin,D
Epilepsie,Antikonvulsiva,Phenytoin natrium,D
Epilepsie,Antikonvulsiva,Phenobarbital,D
Epilepsie,Antikonvulsiva,Phenobarbital natrium,D
Epilepsie,Antikonvulsiva,Ethosuximid,D
Morbus Parkinson,L-Dopa,Levodopa,A
Morbus Parkinson,L-Dopa,Levodopa/Carbidopa,A
Morbus Parkinson,L-Dopa,Levodopa/Carbidopa/Entacapon,A
Morbus Parkinson,L-Dopa,Levodopa/Benserazid,A
Morbus Parkinson,COMT (Catechol-O-Methyltransferase) Inhibitoren,Entacapon,B
Morbus Parkinson,COMT (Catechol-O-Methyltransferase) Inhibitoren,Opicapon,B
Morbus Parkinson,COMT (Catechol-O-Methyltransferase) Inhibitoren,Tolcapon,B
Morbus Parkinson,Dopamin-Agonisten,Ropinirol,B
Morbus Parkinson,Dopamin-Agonisten,Rotigotin,B
Morbus Parkinson,Dopamin-Agonisten,Piribedil,C
Morbus Parkinson,Dopamin-Agonisten,Pramipexol,C
Morbus Parkinson,Monoaminooxidase (MAO)-Hemmer,Safinamid,C
Morbus Parkinson,Monoaminooxidase (MAO)-Hemmer,Rasagilin,C
Morbus Parkinson,Monoaminooxidase (MAO)-Hemmer,Selegilin,D
Morbus Parkinson,Dopamin-Agonisten,Bromocriptin,D
Morbus Parkinson,Dopamin-Agonisten,Cabergolin,D
Morbus Parkinson,NMDA-Rezeptor-Antagonist,Amantadin,D
Morbus Parkinson,Anticholinergika,Biperiden,D
Morbus Parkinson,Anticholinergika,Bornaprin,D
Inkontinenz,Anticholinergika,Fesoterodin,B
Inkontinenz,Anticholinergika,Fesoterodin fumarat,B
Inkontinenz,Anticholinergika,Tolterodin,C
Inkontinenz,Anticholinergika,"Tolterodin (R,R)-tartrat",C
Inkontinenz,Anticholinergika,Trospiumchlorid,C
Inkontinenz,Anticholinergika,Oxybutynin,C
Inkontinenz,Serotonin-Noradrenalin Reuptake Inhibitoren (SNRI),Duloxetin,C
Inkontinenz,Anticholinergika,Oxybutynin,D
Gastrointestinale Erkrankungen / Begleittherapie NSAR,Protonenpumpenhemmer (PPI),Dexlansoprazol,B
Gastrointestinale Erkrankungen / Begleittherapie NSAR,Protonenpumpenhemmer (PPI),Esomeprazol,B
Gastrointestinale Erkrankungen / Begleittherapie NSAR,Protonenpumpenhemmer (PPI),Lansoprazol,B
Gastrointestinale Erkrankungen / Begleittherapie NSAR,Protonenpumpenhemmer (PPI),Omeprazol,B
Gastrointestinale Erkrankungen / Begleittherapie NSAR,Protonenpumpenhemmer (PPI),Pantoprazol,B
Gastrointestinale Erkrankungen / Begleittherapie NSAR,Protonenpumpenhemmer (PPI),Rabeprazol,B
Gastrointestinale Erkrankungen / Begleittherapie NSAR,H2-Rezeptor-Antagonisten,Ranitidin,C
Gastrointestinale Erkrankungen / Begleittherapie NSAR,H2-Rezeptor-Antagonisten,Famotidin,C
Gastrointestinale Erkrankungen / Begleittherapie NSAR,H2-Rezeptor-Antagonisten,Nizatidin,C
Gastrointestinale Erkrankungen / Begleittherapie NSAR,H2-Rezeptor-Antagonisten,Cimetidin,C
Anämie,Eisensubstitution,Eisen,A
Anämie,Eisensubstitution,Eisencarboxymaltose,A
Anämie,Eisensubstitution,Eisen(III)-derisomaltose,A
Anämie,Eisensubstitution,Eisen(III)-hydroxid-Sucrose-Komplex,A
Anämie,Eisensubstitution,Eisen(III)-hydroxid-Dextran-Komplex,A
Anämie,Eisensubstitution,Eisen(III)-sorbitex,A
Anämie,Eisensubstitution,Eisen(III)-oxidhydroxid-Saccharose-Stärke-Komplex,A
Anämie,Eisensubstitution,Eisen(III)-oxid-Sucrose-Wasser-Komplex,A
Anämie,Eisensubstitution,Eisen(II)-sulfat,A
Anämie,Eisensubstitution,Eisen(II)-fumarat,A
Anämie,Eisensubstitution,Eisen(II)-bisglycinat,A
Anämie,Eisensubstitution,Eisen(II)-gluconat,A
Anämie,Eisensubstitution,Eisen(II)-citrat,A
Anämie,Eisensubstitution,Eisen(II)-succinat,A
Anämie,Eisensubstitution,Eisen(III)-maltol,A
Anämie,Eisensubstitution,Eisen(II)-(RS)-lactat-3-Wasser,A
Anämie,Eisensubstitution,Eisen(II)-glycin-sulfat-Komplex,A
Anämie,Eisensubstitution,Eisen(II)-DL-hydrogenaspartat-4-Wasser,A
Anämie,Eisensubstitution,Eisen(III)-Natrium-citrat-Komplex,A
Anämie,Eisensubstitution,Eisen(III)-Natrium-D-gluconat-Komplex,A
Anämie,Eisensubstitution,Eisen(III)-DL-hydrogenaspartat,A
Anämie,Eisensubstitution,Eisen(III)-Kalium-citrat-phosphat-Komplex,A
Anämie,Erythropoetin,Epoetin alfa,A
Anämie,Erythropoetin,Epoetin beta,A
Anämie,Erythropoetin,Epoetin delta,A
Anämie,Erythropoetin,Epoetin zeta,A
Anämie,Erythropoetin,Darbepoetin alfa,A
Übelkeit und Erbrechen (kurzfristige Behandlung),Dopamin-Antagonisten,Metoclopramid,B
Übelkeit und Erbrechen (kurzfristige Behandlung),Dopamin-Antagonisten,Metoclopramid dihydrochlorid-1-Wasser,B
Übelkeit und Erbrechen (kurzfristige Behandlung),Dopamin-Antagonisten,Metoclopramid hydrochlorid,B
Übelkeit und Erbrechen (kurzfristige Behandlung),Dopamin-Antagonisten,Metoclopramid hydrochlorid-1-Wasser,B
Übelkeit und Erbrechen (langfristige Behandlung),Dopamin-Antagonisten,Metoclopramid,C
Übelkeit und Erbrechen (langfristige Behandlung),Dopamin-Antagonisten,Metoclopramid dihydrochlorid-1-Wasser,C
Übelkeit und Erbrechen (langfristige Behandlung),Dopamin-Antagonisten,Metoclopramid hydrochlorid,C
Übelkeit und Erbrechen (langfristige Behandlung),Dopamin-Antagonisten,Metoclopramid hydrochlorid-1-Wasser,C
Übelkeit und Erbrechen,Antihistaminika,Dimenhydrinat,C
Übelkeit und Erbrechen,Dopamin-Antagonisten,Domperidon,C
Übelkeit und Erbrechen,Dopamin-Antagonisten,Domperidon maleat,C
Obstipation,Osmotisches Laxans,Macrogol,A
Obstipation,Osmotisches Laxans,Lactulose,B
Obstipation (kurzfristig),Kontaktlaxans,Natriumpicosulfat,B
Obstipation,Kontaktlaxans,Natriumpicosulfat,C
Obstipation,Prokinetikum,Prucaloprid,C
Obstipation,Prokinetikum,Prucaloprid succinat,C
Obstipation,Guanylatzyklase-C-Agonist,Linaclotid,C
Hypothyreose,Levothyroxin,Levothyroxin natrium,A
Hypothyreose,Levothyroxin,Levothyroxin,A
Hypothyreose,Levothyroxin,L-Thyroxin,A
Bakterielle Infektionen und Impfungen,Penicilline,Penicillin G,A
Bakterielle Infektionen und Impfungen,Penicilline,Procain-Benzylpenicillin,A
Bakterielle Infektionen und Impfungen,Penicilline,Clemizol-Benzylpenicillin,A
Bakterielle Infektionen und Impfungen,Penicilline,Benzathin-Benzylpenicillin,A
Bakterielle Infektionen und Impfungen,Penicilline,Phenoxymethylpenicillin,A
Bakterielle Infektionen und Impfungen,Penicilline,Oxacillin,A
Bakterielle Infektionen und Impfungen,Penicilline,Dicloxacillin,A
Bakterielle Infektionen und Impfungen,Penicilline,Flucloxacillin,A
Bakterielle Infektionen und Impfungen,Penicilline,Cloxacillin,A
Bakterielle Infektionen und Impfungen,Penicilline,Amoxicillin,A
Bakterielle Infektionen und Impfungen,Penicilline,Ampicillin,A
Bakterielle Infektionen und Impfungen,Penicilline,Bacampicillin,A
Bakterielle Infektionen und Impfungen,Penicilline,Carbenicillin,A
Bakterielle Infektionen und Impfungen,Penicilline,Ticarcillin,A
Bakterielle Infektionen und Impfungen,Penicilline,Piperacillin,A
Bakterielle Infektionen und Impfungen,Penicilline,Azlocillin,A
Bakterielle Infektionen und Impfungen,Penicilline,Mezlocillin,A
Bakterielle Infektionen und Impfungen,Cephalosporine,Cefazolin,B
Bakterielle Infektionen und Impfungen,Cephalosporine,Cefuroxim,B
Bakterielle Infektionen und Impfungen,Cephalosporine,Cefotiam,B
Bakterielle Infektionen und Impfungen,Cephalosporine,Cefoxitin,B
Bakterielle Infektionen und Impfungen,Cephalosporine,Ceftriaxon,B
Bakterielle Infektionen und Impfungen,Cephalosporine,Cefotaxim,B
Bakterielle Infektionen und Impfungen,Cephalosporine,Ceftazidim,B
Bakterielle Infektionen und Impfungen,Cephalosporine,Cefepim,B
Bakterielle Infektionen und Impfungen,Cephalosporine,Ceftarolin,B
Bakterielle Infektionen und Impfungen,Cephalosporine,Ceftobiprol,B
Bakterielle Infektionen und Impfungen,Cephalosporine,Cefalexin,B
Bakterielle Infektionen und Impfungen,Cephalosporine,Cefadroxil,B
Bakterielle Infektionen und Impfungen,Cephalosporine,Cefaclor,B
Bakterielle Infektionen und Impfungen,Cephalosporine,Cefuroxim,B
Bakterielle Infektionen und Impfungen,Cephalosporine,Cefuroxim axetil,B
Bakterielle Infektionen und Impfungen,Cephalosporine,Loracarbef,B
Bakterielle Infektionen und Impfungen,Cephalosporine,Cefixim,B
Bakterielle Infektionen und Impfungen,Cephalosporine,Cefpodoxim,B
Bakterielle Infektionen und Impfungen,Cephalosporine,Cefpodoxim proxetil,B
Bakterielle Infektionen und Impfungen,Cephalosporine,Ceftibuten,B
Bakterielle Infektionen und Impfungen,Makrolide,Erythromycin,B
Bakterielle Infektionen und Impfungen,Makrolide,Spiramycin,B
Bakterielle Infektionen und Impfungen,Makrolide,Midecamycin,B
Bakterielle Infektionen und Impfungen,Makrolide,Oleandomycin,B
Bakterielle Infektionen und Impfungen,Makrolide,Roxithromycin,B
Bakterielle Infektionen und Impfungen,Makrolide,Josamycin,B
Bakterielle Infektionen und Impfungen,Makrolide,Troleandomycin,B
Bakterielle Infektionen und Impfungen,Makrolide,Clarithromycin,B
Bakterielle Infektionen und Impfungen,Makrolide,Azithromycin,B
Bakterielle Infektionen und Impfungen,Makrolide,Miocamycin,B
Bakterielle Infektionen und Impfungen,Makrolide,Rokitamycin,B
Bakterielle Infektionen und Impfungen,Makrolide,Dirithromycin,B
Bakterielle Infektionen und Impfungen,Makrolide,Flurithromycin,B
Bakterielle Infektionen und Impfungen,Makrolide,Telithromycin,B
Bakterielle Infektionen und Impfungen,Makrolide,Solithromycin,B
Bakterielle Infektionen und Impfungen,Makrolide,Erythromycinstinoprat,B
Bakterielle Infektionen und Impfungen,Fluorochinolone,Ofloxacin,C
Bakterielle Infektionen und Impfungen,Fluorochinolone,Pefloxacin,C
Bakterielle Infektionen und Impfungen,Fluorochinolone,Enoxacin,C
Bakterielle Infektionen und Impfungen,Fluorochinolone,Temafloxacin,C
Bakterielle Infektionen und Impfungen,Fluorochinolone,Norfloxacin,C
Bakterielle Infektionen und Impfungen,Fluorochinolone,Lomefloxacin,C
Bakterielle Infektionen und Impfungen,Fluorochinolone,Fleroxacin,C
Bakterielle Infektionen und Impfungen,Fluorochinolone,Sparfloxacin,C
Bakterielle Infektionen und Impfungen,Fluorochinolone,Rufloxacin,C
Bakterielle Infektionen und Impfungen,Fluorochinolone,Grepafloxacin,C
Bakterielle Infektionen und Impfungen,Fluorochinolone,Levofloxacin,C
Bakterielle Infektionen und Impfungen,Fluorochinolone,Trovafloxacin,C
Bakterielle Infektionen und Impfungen,Fluorochinolone,Moxifloxacin,C
Bakterielle Infektionen und Impfungen,Fluorochinolone,Gemifloxacin,C
Bakterielle Infektionen und Impfungen,Fluorochinolone,Gatifloxacin,C
Bakterielle Infektionen und Impfungen,Fluorochinolone,Prulifloxacin,C
Bakterielle Infektionen und Impfungen,Fluorochinolone,Pazufloxacin,C
Bakterielle Infektionen und Impfungen,Fluorochinolone,Garenoxacin,C
Bakterielle Infektionen und Impfungen,Fluorochinolone,Sitafloxacin,C
Bakterielle Infektionen und Impfungen,Fluorochinolone,Tosufloxacin,C
Bakterielle Infektionen und Impfungen,Fluorochinolone,Delafloxacin,C
Bakterielle Infektionen und Impfungen,Fluorochinolone,Levonadifloxacin,C
Bakterielle Infektionen und Impfungen,Fluorochinolone,Lascufloxacin,C
Bakterielle Infektionen und Impfungen,Fluorochinolone,Ciprofloxacin,D
Bakterielle Infektionen und Impfungen,Impfungen,Jährliche Influenzaimpfung,A
Bakterielle Infektionen und Impfungen,Impfungen,Pneumokokkenimpfung bei Patienten ≥ 65 J.,A
Bakterielle Infektionen und Impfungen,Impfungen,Herpes zoster-Totimpfstoff (Shingrix®),A
Bakterielle Infektionen und Impfungen,Impfungen,Covid-19-Impfung,A
Bakterielle Infektionen und Impfungen,Impfungen,RSV- Impfung,A
